"RPC Code","RPC Name","Producer Country Name","Producer Country Code","Share","Waste","SUA Code"
"A.01.02.001","Common wheat grain","Bulgaria","BG",0.0492,0.045,"0111"
"A.01.02.001","Common wheat grain","Canada","CA",0.0237,0.045,"0111"
"A.01.02.001","Common wheat grain","Germany","DE",0.0294,0.045,"0111"
"A.01.02.001","Common wheat grain","Denmark","DK",0.0163,0.045,"0111"
"A.01.02.001","Common wheat grain","Spain","ES",0.4494,0.045,"0111"
"A.01.02.001","Common wheat grain","France","FR",0.1338,0.045,"0111"
"A.01.02.001","Common wheat grain","United Kingdom of Great Britain and Northern Ireland","GB",0.0254,0.045,"0111"
"A.01.02.001","Common wheat grain","Lithuania","LT",0.0255,0.045,"0111"
"A.01.02.001","Common wheat grain","Latvia","LV",0.0165,0.045,"0111"
"A.01.02.001","Common wheat grain","Poland","PL",0.0199,0.045,"0111"
"A.01.02.001","Common wheat grain","Romania","RO",0.019,0.045,"0111"
"A.01.02.001","Common wheat grain","Ukraine","UA",0.192,0.045,"0111"
"A.01.02.001.002","Durum wheat grain","Bulgaria","BG",0.0492,0.045,"0111"
"A.01.02.001.002","Durum wheat grain","Canada","CA",0.0237,0.045,"0111"
"A.01.02.001.002","Durum wheat grain","Germany","DE",0.0294,0.045,"0111"
"A.01.02.001.002","Durum wheat grain","Denmark","DK",0.0163,0.045,"0111"
"A.01.02.001.002","Durum wheat grain","Spain","ES",0.4494,0.045,"0111"
"A.01.02.001.002","Durum wheat grain","France","FR",0.1338,0.045,"0111"
"A.01.02.001.002","Durum wheat grain","United Kingdom of Great Britain and Northern Ireland","GB",0.0254,0.045,"0111"
"A.01.02.001.002","Durum wheat grain","Lithuania","LT",0.0255,0.045,"0111"
"A.01.02.001.002","Durum wheat grain","Latvia","LV",0.0165,0.045,"0111"
"A.01.02.001.002","Durum wheat grain","Poland","PL",0.0199,0.045,"0111"
"A.01.02.001.002","Durum wheat grain","Romania","RO",0.019,0.045,"0111"
"A.01.02.001.002","Durum wheat grain","Ukraine","UA",0.192,0.045,"0111"
"A.01.02.001.003","Wheat grain soft","Bulgaria","BG",0.0492,0.045,"0111"
"A.01.02.001.003","Wheat grain soft","Canada","CA",0.0237,0.045,"0111"
"A.01.02.001.003","Wheat grain soft","Germany","DE",0.0294,0.045,"0111"
"A.01.02.001.003","Wheat grain soft","Denmark","DK",0.0163,0.045,"0111"
"A.01.02.001.003","Wheat grain soft","Spain","ES",0.4494,0.045,"0111"
"A.01.02.001.003","Wheat grain soft","France","FR",0.1338,0.045,"0111"
"A.01.02.001.003","Wheat grain soft","United Kingdom of Great Britain and Northern Ireland","GB",0.0254,0.045,"0111"
"A.01.02.001.003","Wheat grain soft","Lithuania","LT",0.0255,0.045,"0111"
"A.01.02.001.003","Wheat grain soft","Latvia","LV",0.0165,0.045,"0111"
"A.01.02.001.003","Wheat grain soft","Poland","PL",0.0199,0.045,"0111"
"A.01.02.001.003","Wheat grain soft","Romania","RO",0.019,0.045,"0111"
"A.01.02.001.003","Wheat grain soft","Ukraine","UA",0.192,0.045,"0111"
"A.01.02.001.004","Bulgur wheat","Bulgaria","BG",0.0492,0.045,"0111"
"A.01.02.001.004","Bulgur wheat","Canada","CA",0.0237,0.045,"0111"
"A.01.02.001.004","Bulgur wheat","Germany","DE",0.0294,0.045,"0111"
"A.01.02.001.004","Bulgur wheat","Denmark","DK",0.0163,0.045,"0111"
"A.01.02.001.004","Bulgur wheat","Spain","ES",0.4494,0.045,"0111"
"A.01.02.001.004","Bulgur wheat","France","FR",0.1338,0.045,"0111"
"A.01.02.001.004","Bulgur wheat","United Kingdom of Great Britain and Northern Ireland","GB",0.0254,0.045,"0111"
"A.01.02.001.004","Bulgur wheat","Lithuania","LT",0.0255,0.045,"0111"
"A.01.02.001.004","Bulgur wheat","Latvia","LV",0.0165,0.045,"0111"
"A.01.02.001.004","Bulgur wheat","Poland","PL",0.0199,0.045,"0111"
"A.01.02.001.004","Bulgur wheat","Romania","RO",0.019,0.045,"0111"
"A.01.02.001.004","Bulgur wheat","Ukraine","UA",0.192,0.045,"0111"
"A.01.02.002.001","Barley grains","Bulgaria","BG",0.0132,0.045,"0115"
"A.01.02.002.001","Barley grains","Germany","DE",0.0454,0.045,"0115"
"A.01.02.002.001","Barley grains","Spain","ES",0.7441,0.045,"0115"
"A.01.02.002.001","Barley grains","France","FR",0.0694,0.045,"0115"
"A.01.02.002.001","Barley grains","United Kingdom of Great Britain and Northern Ireland","GB",0.0382,0.045,"0115"
"A.01.02.002.001","Barley grains","Romania","RO",0.0378,0.045,"0115"
"A.01.02.002.001","Barley grains","Ukraine","UA",0.0519,0.045,"0115"
"A.01.02.003","Maize grain","Bulgaria","BG",0.0129,0.045,"0112"
"A.01.02.003","Maize grain","Brazil","BR",0.2507,0.045,"0112"
"A.01.02.003","Maize grain","Canada","CA",0.0302,0.045,"0112"
"A.01.02.003","Maize grain","Spain","ES",0.2491,0.045,"0112"
"A.01.02.003","Maize grain","France","FR",0.0965,0.045,"0112"
"A.01.02.003","Maize grain","Poland","PL",0.0107,0.045,"0112"
"A.01.02.003","Maize grain","Romania","RO",0.0463,0.045,"0112"
"A.01.02.003","Maize grain","Ukraine","UA",0.2746,0.045,"0112"
"A.01.02.003","Maize grain","United States of America","US",0.029,0.045,"0112"
"A.01.02.004","Rye grain","Spain","ES",0.4724,0.045,"0116"
"A.01.02.004","Rye grain","France","FR",0.0448,0.045,"0116"
"A.01.02.004","Rye grain","United Kingdom of Great Britain and Northern Ireland","GB",0.0388,0.045,"0116"
"A.01.02.004","Rye grain","Latvia","LV",0.0694,0.045,"0116"
"A.01.02.004","Rye grain","Poland","PL",0.06,0.045,"0116"
"A.01.02.004","Rye grain","Russian Federation","RU",0.2385,0.045,"0116"
"A.01.02.004","Rye grain","Ukraine","UA",0.0762,0.045,"0116"
"A.01.02.005","Spelt grain","Bulgaria","BG",0.0492,0.045,"0111"
"A.01.02.005","Spelt grain","Canada","CA",0.0237,0.045,"0111"
"A.01.02.005","Spelt grain","Germany","DE",0.0294,0.045,"0111"
"A.01.02.005","Spelt grain","Denmark","DK",0.0163,0.045,"0111"
"A.01.02.005","Spelt grain","Spain","ES",0.4494,0.045,"0111"
"A.01.02.005","Spelt grain","France","FR",0.1338,0.045,"0111"
"A.01.02.005","Spelt grain","United Kingdom of Great Britain and Northern Ireland","GB",0.0254,0.045,"0111"
"A.01.02.005","Spelt grain","Lithuania","LT",0.0255,0.045,"0111"
"A.01.02.005","Spelt grain","Latvia","LV",0.0165,0.045,"0111"
"A.01.02.005","Spelt grain","Poland","PL",0.0199,0.045,"0111"
"A.01.02.005","Spelt grain","Romania","RO",0.019,0.045,"0111"
"A.01.02.005","Spelt grain","Ukraine","UA",0.192,0.045,"0111"
"A.01.02.006","Buckwheat","China, mainland","CN",0.4144,0.06,"01192"
"A.01.02.006","Buckwheat","Kazakhstan","KZ",0.0345,0.06,"01192"
"A.01.02.006","Buckwheat","Russian Federation","RU",0.5391,0.06,"01192"
"A.01.02.006","Buckwheat","Ukraine","UA",0.0119,0.06,"01192"
"A.01.02.007","Common millet grain","Argentina","AR",0.036,0.045,"0118"
"A.01.02.007","Common millet grain","China, mainland","CN",0.1106,0.045,"0118"
"A.01.02.007","Common millet grain","India","IN",0.0782,0.045,"0118"
"A.01.02.007","Common millet grain","Russian Federation","RU",0.0854,0.045,"0118"
"A.01.02.007","Common millet grain","Ukraine","UA",0.6301,0.045,"0118"
"A.01.02.007","Common millet grain","United States of America","US",0.0597,0.045,"0118"
"A.01.02.008","Oat grain","Estonia","EE",0.014,0.045,"0117"
"A.01.02.008","Oat grain","Spain","ES",0.8349,0.045,"0117"
"A.01.02.008","Oat grain","Finland","FI",0.0251,0.045,"0117"
"A.01.02.008","Oat grain","France","FR",0.021,0.045,"0117"
"A.01.02.008","Oat grain","United Kingdom of Great Britain and Northern Ireland","GB",0.0349,0.045,"0117"
"A.01.02.008","Oat grain","Latvia","LV",0.0151,0.045,"0117"
"A.01.02.008","Oat grain","Poland","PL",0.014,0.045,"0117"
"A.01.02.008","Oat grain","Sweden","SE",0.041,0.045,"0117"
"A.01.02.009","Rice grain","Germany","DE",0.0172,0.045,"0113"
"A.01.02.009","Rice grain","Spain","ES",0.9708,0.045,"0113"
"A.01.02.009","Rice grain","France","FR",0.0121,0.045,"0113"
"A.01.02.009.007","Indian rice grain","Germany","DE",0.0172,0.045,"0113"
"A.01.02.009.007","Indian rice grain","Spain","ES",0.9708,0.045,"0113"
"A.01.02.009.007","Indian rice grain","France","FR",0.0121,0.045,"0113"
"A.01.02.010.002","Sorghum grain","Spain","ES",0.1581,0.045,"0114"
"A.01.02.010.002","Sorghum grain","France","FR",0.4167,0.045,"0114"
"A.01.02.010.002","Sorghum grain","Ukraine","UA",0.0375,0.045,"0114"
"A.01.02.010.002","Sorghum grain","United States of America","US",0.3876,0.045,"0114"
"A.02.01.001","Arrowroots","Spain","ES",0.9828,0.07,"01251"
"A.02.01.001","Arrowroots","France","FR",0.0172,0.07,"01251"
"A.02.01.002","Beetroots","Spain","ES",0.9828,0.07,"01251"
"A.02.01.002","Beetroots","France","FR",0.0172,0.07,"01251"
"A.02.01.003","Carrots","Spain","ES",0.9828,0.07,"01251"
"A.02.01.003","Carrots","France","FR",0.0172,0.07,"01251"
"A.02.01.004","Celeriacs","Spain","ES",0.9828,0.07,"01251"
"A.02.01.004","Celeriacs","France","FR",0.0172,0.07,"01251"
"A.02.01.005","Horseradish roots","Spain","ES",0.9828,0.07,"01251"
"A.02.01.005","Horseradish roots","France","FR",0.0172,0.07,"01251"
"A.02.01.006","Parsley roots","Spain","ES",0.9828,0.07,"01251"
"A.02.01.006","Parsley roots","France","FR",0.0172,0.07,"01251"
"A.02.01.007","Parsnip roots","Spain","ES",0.9828,0.07,"01251"
"A.02.01.007","Parsnip roots","France","FR",0.0172,0.07,"01251"
"A.02.01.008","Radishes","Spain","ES",0.964,0.07,"01212"
"A.02.01.008","Radishes","Netherlands (Kingdom of the)","NL",0.0215,0.07,"01212"
"A.02.01.008","Radishes","Portugal","PT",0.0146,0.07,"01212"
"A.02.01.009","Salsifies","Argentina","AR",0.0691,0.06,"01445"
"A.02.01.009","Salsifies","Bulgaria","BG",0.0471,0.06,"01445"
"A.02.01.009","Salsifies","Spain","ES",0.3718,0.06,"01445"
"A.02.01.009","Salsifies","France","FR",0.0824,0.06,"01445"
"A.02.01.009","Salsifies","Hungary","HU",0.0115,0.06,"01445"
"A.02.01.009","Salsifies","Republic of Moldova","MD",0.0328,0.06,"01445"
"A.02.01.009","Salsifies","Romania","RO",0.0767,0.06,"01445"
"A.02.01.009","Salsifies","Russian Federation","RU",0.025,0.06,"01445"
"A.02.01.009","Salsifies","Ukraine","UA",0.2837,0.06,"01445"
"A.02.01.010","Swedes","Spain","ES",0.964,0.07,"01212"
"A.02.01.010","Swedes","Netherlands (Kingdom of the)","NL",0.0215,0.07,"01212"
"A.02.01.010","Swedes","Portugal","PT",0.0146,0.07,"01212"
"A.02.01.012","Turnips","Spain","ES",0.9828,0.07,"01251"
"A.02.01.012","Turnips","France","FR",0.0172,0.07,"01251"
"A.02.02.001","Garlic","Spain","ES",1,0.07,"01252"
"A.02.02.002","Onions","Spain","ES",0.9548,0.07,"01253.02"
"A.02.02.002","Onions","Netherlands (Kingdom of the)","NL",0.0175,0.07,"01253.02"
"A.02.02.002","Onions","Peru","PE",0.0277,0.07,"01253.02"
"A.02.02.003","Shallots","Spain","ES",0.9548,0.07,"01253.02"
"A.02.02.003","Shallots","Netherlands (Kingdom of the)","NL",0.0175,0.07,"01253.02"
"A.02.02.003","Shallots","Peru","PE",0.0277,0.07,"01253.02"
"A.02.02.004","Spring onions","Spain","ES",0.9548,0.07,"01253.02"
"A.02.02.004","Spring onions","Netherlands (Kingdom of the)","NL",0.0175,0.07,"01253.02"
"A.02.02.004","Spring onions","Peru","PE",0.0277,0.07,"01253.02"
"A.02.02.005","Chives","Spain","ES",0.9548,0.07,"01253.02"
"A.02.02.005","Chives","Netherlands (Kingdom of the)","NL",0.0175,0.07,"01253.02"
"A.02.02.005","Chives","Peru","PE",0.0277,0.07,"01253.02"
"A.02.03.001","Tomatoes","China, mainland","CN",0.0213,0.07,"01234"
"A.02.03.001","Tomatoes","Spain","ES",0.924,0.07,"01234"
"A.02.03.001","Tomatoes","Italy","IT",0.0109,0.07,"01234"
"A.02.03.001","Tomatoes","Morocco","MA",0.0119,0.07,"01234"
"A.02.03.001","Tomatoes","Portugal","PT",0.0319,0.07,"01234"
"A.02.03.002","Sweet peppers","Spain","ES",0.9605,0.07,"01231"
"A.02.03.002","Sweet peppers","Morocco","MA",0.0395,0.07,"01231"
"A.02.03.003","Chili peppers","Spain","ES",0.9605,0.07,"01231"
"A.02.03.003","Chili peppers","Morocco","MA",0.0395,0.07,"01231"
"A.02.03.004","Aubergines","Spain","ES",1,0.07,"01233"
"A.02.03.005","Okra","RoW","RoW",1,0.07,"01359.90"
"A.02.03.006","Cucumbers","Spain","ES",1,0.07,"01232"
"A.02.03.007","Gherkins","Spain","ES",1,0.07,"01232"
"A.02.03.008","Courgettes","Spain","ES",0.9838,0.07,"01235"
"A.02.03.008","Courgettes","Morocco","MA",0.0162,0.07,"01235"
"A.02.03.009","Melons","Brazil","BR",0.0701,0.07,"01229"
"A.02.03.009","Melons","Spain","ES",0.8998,0.07,"01229"
"A.02.03.009","Melons","Morocco","MA",0.0145,0.07,"01229"
"A.02.03.009","Melons","Senegal","SN",0.0156,0.07,"01229"
"A.02.03.010","Pumpkins","Spain","ES",0.9838,0.07,"01235"
"A.02.03.010","Pumpkins","Morocco","MA",0.0162,0.07,"01235"
"A.02.03.011","Watermelons","Brazil","BR",0.0701,0.07,"01229"
"A.02.03.011","Watermelons","Spain","ES",0.8998,0.07,"01229"
"A.02.03.011","Watermelons","Morocco","MA",0.0145,0.07,"01229"
"A.02.03.011","Watermelons","Senegal","SN",0.0156,0.07,"01229"
"A.02.03.012","Sweet corn","RoW","RoW",1,0.07,"01290.01"
"A.02.04.001","Broccoli","Brazil","BR",0.0701,0.07,"01213"
"A.02.04.001","Broccoli","Spain","ES",0.8998,0.07,"01213"
"A.02.04.001","Broccoli","Morocco","MA",0.0145,0.07,"01213"
"A.02.04.001","Broccoli","Senegal","SN",0.0156,0.07,"01213"
"A.02.04.002","Cauliflowers","Brazil","BR",0.0701,0.07,"01213"
"A.02.04.002","Cauliflowers","Spain","ES",0.8998,0.07,"01213"
"A.02.04.002","Cauliflowers","Morocco","MA",0.0145,0.07,"01213"
"A.02.04.002","Cauliflowers","Senegal","SN",0.0156,0.07,"01213"
"A.02.04.003","Brussels sprouts","Spain","ES",0.964,0.07,"01212"
"A.02.04.003","Brussels sprouts","Netherlands (Kingdom of the)","NL",0.0215,0.07,"01212"
"A.02.04.003","Brussels sprouts","Portugal","PT",0.0146,0.07,"01212"
"A.02.04.004","Head cabbages","Spain","ES",0.964,0.07,"01212"
"A.02.04.004","Head cabbages","Netherlands (Kingdom of the)","NL",0.0215,0.07,"01212"
"A.02.04.004","Head cabbages","Portugal","PT",0.0146,0.07,"01212"
"A.02.04.005","Chinese cabbages","Spain","ES",0.964,0.07,"01212"
"A.02.04.005","Chinese cabbages","Netherlands (Kingdom of the)","NL",0.0215,0.07,"01212"
"A.02.04.005","Chinese cabbages","Portugal","PT",0.0146,0.07,"01212"
"A.02.04.006","Kales and similar-","Spain","ES",0.964,0.07,"01212"
"A.02.04.006","Kales and similar-","Netherlands (Kingdom of the)","NL",0.0215,0.07,"01212"
"A.02.04.006","Kales and similar-","Portugal","PT",0.0146,0.07,"01212"
"A.02.04.007","Kohlrabies","Spain","ES",0.964,0.07,"01212"
"A.02.04.007","Kohlrabies","Netherlands (Kingdom of the)","NL",0.0215,0.07,"01212"
"A.02.04.007","Kohlrabies","Portugal","PT",0.0146,0.07,"01212"
"A.02.05.001","Lamb's lettuces","Spain","ES",1,0.07,"01214"
"A.02.05.002","Head lettuces","Spain","ES",1,0.07,"01214"
"A.02.05.003","Crisp lettuces","Spain","ES",1,0.07,"01214"
"A.02.05.004","Escaroles","Spain","ES",1,0.07,"01214"
"A.02.05.005","Cresses","Spain","ES",0.964,0.07,"01212"
"A.02.05.005","Cresses","Netherlands (Kingdom of the)","NL",0.0215,0.07,"01212"
"A.02.05.005","Cresses","Portugal","PT",0.0146,0.07,"01212"
"A.02.05.006","Land cresses","Spain","ES",0.964,0.07,"01212"
"A.02.05.006","Land cresses","Netherlands (Kingdom of the)","NL",0.0215,0.07,"01212"
"A.02.05.006","Land cresses","Portugal","PT",0.0146,0.07,"01212"
"A.02.05.007","Roman rocket","Spain","ES",0.964,0.07,"01212"
"A.02.05.007","Roman rocket","Netherlands (Kingdom of the)","NL",0.0215,0.07,"01212"
"A.02.05.007","Roman rocket","Portugal","PT",0.0146,0.07,"01212"
"A.02.05.010","Spinaches","Spain","ES",0.9823,0.07,"01215"
"A.02.05.010","Spinaches","France","FR",0.0177,0.07,"01215"
"A.02.05.012","Purslanes","Spain","ES",0.9823,0.07,"01215"
"A.02.05.012","Purslanes","France","FR",0.0177,0.07,"01215"
"A.02.05.013","Chards","Belgium","BE",0.0161,0.045,"01801"
"A.02.05.013","Chards","Germany","DE",0.042,0.045,"01801"
"A.02.05.013","Chards","Egypt","EG",0.0236,0.045,"01801"
"A.02.05.013","Chards","Spain","ES",0.4357,0.045,"01801"
"A.02.05.013","Chards","France","FR",0.3812,0.045,"01801"
"A.02.05.013","Chards","Netherlands (Kingdom of the)","NL",0.0427,0.045,"01801"
"A.02.05.013","Chards","Russian Federation","RU",0.046,0.045,"01801"
"A.02.05.013","Chards","Türkiye","TR",0.0128,0.045,"01801"
"A.02.05.014","Grape leaves","RoW","RoW",1,0.07,"01359.90"
"A.02.05.015","Watercresses","Spain","ES",0.964,0.07,"01212"
"A.02.05.015","Watercresses","Netherlands (Kingdom of the)","NL",0.0215,0.07,"01212"
"A.02.05.015","Watercresses","Portugal","PT",0.0146,0.07,"01212"
"A.02.05.016","Witloofs","Spain","ES",1,0.07,"01214"
"A.02.05.017","Oraches leaves","RoW","RoW",1,0.07,"01359.90"
"A.02.05.019","Dandelions","Argentina","AR",0.0691,0.06,"01445"
"A.02.05.019","Dandelions","Bulgaria","BG",0.0471,0.06,"01445"
"A.02.05.019","Dandelions","Spain","ES",0.3718,0.06,"01445"
"A.02.05.019","Dandelions","France","FR",0.0824,0.06,"01445"
"A.02.05.019","Dandelions","Hungary","HU",0.0115,0.06,"01445"
"A.02.05.019","Dandelions","Republic of Moldova","MD",0.0328,0.06,"01445"
"A.02.05.019","Dandelions","Romania","RO",0.0767,0.06,"01445"
"A.02.05.019","Dandelions","Russian Federation","RU",0.025,0.06,"01445"
"A.02.05.019","Dandelions","Ukraine","UA",0.2837,0.06,"01445"
"A.02.05.020","Common nettle","Spain","ES",0.9823,0.07,"01215"
"A.02.05.020","Common nettle","France","FR",0.0177,0.07,"01215"
"A.02.05.021","Garden sorrel","Spain","ES",0.9823,0.07,"01215"
"A.02.05.021","Garden sorrel","France","FR",0.0177,0.07,"01215"
"A.02.05.022","Alfalfa sprouts","Argentina","AR",0.6865,0.06,"01709.90"
"A.02.05.022","Alfalfa sprouts","Bolivia (Plurinational State of)","BO",0.03,0.06,"01709.90"
"A.02.05.022","Alfalfa sprouts","Canada","CA",0.0918,0.06,"01709.90"
"A.02.05.022","Alfalfa sprouts","China, mainland","CN",0.0247,0.06,"01709.90"
"A.02.05.022","Alfalfa sprouts","Egypt","EG",0.0124,0.06,"01709.90"
"A.02.05.022","Alfalfa sprouts","Ethiopia","ET",0.0251,0.06,"01709.90"
"A.02.05.022","Alfalfa sprouts","Myanmar","MM",0.0176,0.06,"01709.90"
"A.02.05.022","Alfalfa sprouts","Peru","PE",0.019,0.06,"01709.90"
"A.02.05.022","Alfalfa sprouts","United States of America","US",0.0931,0.06,"01709.90"
"A.02.06.001","Beans (with pods) and similar-","Argentina","AR",0.6865,0.06,"01701"
"A.02.06.001","Beans (with pods) and similar-","Bolivia (Plurinational State of)","BO",0.03,0.06,"01701"
"A.02.06.001","Beans (with pods) and similar-","Canada","CA",0.0918,0.06,"01701"
"A.02.06.001","Beans (with pods) and similar-","China, mainland","CN",0.0247,0.06,"01701"
"A.02.06.001","Beans (with pods) and similar-","Egypt","EG",0.0124,0.06,"01701"
"A.02.06.001","Beans (with pods) and similar-","Ethiopia","ET",0.0251,0.06,"01701"
"A.02.06.001","Beans (with pods) and similar-","Myanmar","MM",0.0176,0.06,"01701"
"A.02.06.001","Beans (with pods) and similar-","Peru","PE",0.019,0.06,"01701"
"A.02.06.001","Beans (with pods) and similar-","United States of America","US",0.0931,0.06,"01701"
"A.02.06.002","Peas (with pods) and similar-","Spain","ES",0.3595,0.06,"01705"
"A.02.06.002","Peas (with pods) and similar-","France","FR",0.0237,0.06,"01705"
"A.02.06.002","Peas (with pods) and similar-","Latvia","LV",0.0233,0.06,"01705"
"A.02.06.002","Peas (with pods) and similar-","Russian Federation","RU",0.5935,0.06,"01705"
"A.02.07.001","Asparagus","Spain","ES",0.7899,0.07,"01211"
"A.02.07.001","Asparagus","Mexico","MX",0.0649,0.07,"01211"
"A.02.07.001","Asparagus","Peru","PE",0.1452,0.07,"01211"
"A.02.07.002","Cardoons","Argentina","AR",0.0691,0.06,"01445"
"A.02.07.002","Cardoons","Bulgaria","BG",0.0471,0.06,"01445"
"A.02.07.002","Cardoons","Spain","ES",0.3718,0.06,"01445"
"A.02.07.002","Cardoons","France","FR",0.0824,0.06,"01445"
"A.02.07.002","Cardoons","Hungary","HU",0.0115,0.06,"01445"
"A.02.07.002","Cardoons","Republic of Moldova","MD",0.0328,0.06,"01445"
"A.02.07.002","Cardoons","Romania","RO",0.0767,0.06,"01445"
"A.02.07.002","Cardoons","Russian Federation","RU",0.025,0.06,"01445"
"A.02.07.002","Cardoons","Ukraine","UA",0.2837,0.06,"01445"
"A.02.07.003","Celeries","Spain","ES",0.9828,0.07,"01251"
"A.02.07.003","Celeries","France","FR",0.0172,0.07,"01251"
"A.02.07.004","Florence fennels","Spain","ES",0.9828,0.07,"01251"
"A.02.07.004","Florence fennels","France","FR",0.0172,0.07,"01251"
"A.02.07.005","Globe artichokes","Spain","ES",1,0.07,"01216"
"A.02.07.006","Leeks","Belgium","BE",0.164,0.07,"01254"
"A.02.07.006","Leeks","Spain","ES",0.74,0.07,"01254"
"A.02.07.006","Leeks","France","FR",0.0411,0.07,"01254"
"A.02.07.006","Leeks","Netherlands (Kingdom of the)","NL",0.0253,0.07,"01254"
"A.02.07.006","Leeks","Portugal","PT",0.0297,0.07,"01254"
"A.02.07.007","Rhubarbs","Belgium","BE",0.0161,0.045,"01801"
"A.02.07.007","Rhubarbs","Germany","DE",0.042,0.045,"01801"
"A.02.07.007","Rhubarbs","Egypt","EG",0.0236,0.045,"01801"
"A.02.07.007","Rhubarbs","Spain","ES",0.4357,0.045,"01801"
"A.02.07.007","Rhubarbs","France","FR",0.3812,0.045,"01801"
"A.02.07.007","Rhubarbs","Netherlands (Kingdom of the)","NL",0.0427,0.045,"01801"
"A.02.07.007","Rhubarbs","Russian Federation","RU",0.046,0.045,"01801"
"A.02.07.007","Rhubarbs","Türkiye","TR",0.0128,0.045,"01801"
"A.02.07.008","Bamboo shoots","RoW","RoW",1,0.07,"01359.90"
"A.02.07.009","Palm hearts","RoW","RoW",1,0.07,"01359.90"
"A.02.08.001","Sugar beet (root) (Beta vulgaris)","Belgium","BE",0.0161,0.045,"01801"
"A.02.08.001","Sugar beet (root) (Beta vulgaris)","Germany","DE",0.042,0.045,"01801"
"A.02.08.001","Sugar beet (root) (Beta vulgaris)","Egypt","EG",0.0236,0.045,"01801"
"A.02.08.001","Sugar beet (root) (Beta vulgaris)","Spain","ES",0.4357,0.045,"01801"
"A.02.08.001","Sugar beet (root) (Beta vulgaris)","France","FR",0.3812,0.045,"01801"
"A.02.08.001","Sugar beet (root) (Beta vulgaris)","Netherlands (Kingdom of the)","NL",0.0427,0.045,"01801"
"A.02.08.001","Sugar beet (root) (Beta vulgaris)","Russian Federation","RU",0.046,0.045,"01801"
"A.02.08.001","Sugar beet (root) (Beta vulgaris)","Türkiye","TR",0.0128,0.045,"01801"
"A.02.08.002","Sugar cane (Saccharum officinarum)","Brazil","BR",0.5456,0.045,"01802"
"A.02.08.002","Sugar cane (Saccharum officinarum)","Belize","BZ",0.0465,0.045,"01802"
"A.02.08.002","Sugar cane (Saccharum officinarum)","Colombia","CO",0.0267,0.045,"01802"
"A.02.08.002","Sugar cane (Saccharum officinarum)","Egypt","EG",0.0396,0.045,"01802"
"A.02.08.002","Sugar cane (Saccharum officinarum)","Guatemala","GT",0.0579,0.045,"01802"
"A.02.08.002","Sugar cane (Saccharum officinarum)","India","IN",0.102,0.045,"01802"
"A.02.08.002","Sugar cane (Saccharum officinarum)","Mauritius","MU",0.0447,0.045,"01802"
"A.02.08.002","Sugar cane (Saccharum officinarum)","El Salvador","SV",0.0228,0.045,"01802"
"A.02.08.002","Sugar cane (Saccharum officinarum)","Eswatini","SZ",0.0296,0.045,"01802"
"A.02.08.002","Sugar cane (Saccharum officinarum)","Thailand","TH",0.0296,0.045,"01802"
"A.02.08.002","Sugar cane (Saccharum officinarum)","South Africa","ZA",0.055,0.045,"01802"
"A.02.08.003","Chicory roots","Bolivia (Plurinational State of)","BO",0.018,0.24,"01599.10"
"A.02.08.003","Chicory roots","Côte d'Ivoire","CI",0.2919,0.24,"01599.10"
"A.02.08.003","Chicory roots","Cameroon","CM",0.069,0.24,"01599.10"
"A.02.08.003","Chicory roots","China, mainland","CN",0.1175,0.24,"01599.10"
"A.02.08.003","Chicory roots","Costa Rica","CR",0.0112,0.24,"01599.10"
"A.02.08.003","Chicory roots","Ghana","GH",0.1909,0.24,"01599.10"
"A.02.08.003","Chicory roots","Honduras","HN",0.0392,0.24,"01599.10"
"A.02.08.003","Chicory roots","Peru","PE",0.0318,0.24,"01599.10"
"A.02.08.003","Chicory roots","Togo","TG",0.2075,0.24,"01599.10"
"A.02.08.003","Chicory roots","Thailand","TH",0.023,0.24,"01599.10"
"A.02.09.001","Carrageen mosses","RoW","RoW",1,0.07,"01699"
"A.02.09.001.001","Kombu","RoW","RoW",1,0.07,"01699"
"A.02.09.001.002","Laver","RoW","RoW",1,0.07,"01699"
"A.02.09.001.003","Wakame","RoW","RoW",1,0.07,"01699"
"A.02.10.001","Teas  and similar-","RoW","RoW",1,0.07,"01699"
"A.02.10.002","Tea (dried leaves and stalks, fermented or otherwise of Camellia sinensis), decaffeinated","Argentina","AR",0.0699,0.07,"01620"
"A.02.10.002","Tea (dried leaves and stalks, fermented or otherwise of Camellia sinensis), decaffeinated","China, mainland","CN",0.2714,0.07,"01620"
"A.02.10.002","Tea (dried leaves and stalks, fermented or otherwise of Camellia sinensis), decaffeinated","Indonesia","ID",0.0336,0.07,"01620"
"A.02.10.002","Tea (dried leaves and stalks, fermented or otherwise of Camellia sinensis), decaffeinated","India","IN",0.2646,0.07,"01620"
"A.02.10.002","Tea (dried leaves and stalks, fermented or otherwise of Camellia sinensis), decaffeinated","Kenya","KE",0.1587,0.07,"01620"
"A.02.10.002","Tea (dried leaves and stalks, fermented or otherwise of Camellia sinensis), decaffeinated","Sri Lanka","LK",0.1402,0.07,"01620"
"A.02.10.002","Tea (dried leaves and stalks, fermented or otherwise of Camellia sinensis), decaffeinated","Malawi","MW",0.0349,0.07,"01620"
"A.02.10.002","Tea (dried leaves and stalks, fermented or otherwise of Camellia sinensis), decaffeinated","Türkiye","TR",0.0268,0.07,"01620"
"A.02.10.004","Mints","RoW","RoW",1,0.07,"01699"
"A.02.10.009","Strawberry infusion leaves","RoW","RoW",1,0.07,"01699"
"A.02.10.011","Maté (Ilex paraguariensis)","Argentina","AR",0.6462,0.07,"01630"
"A.02.10.011","Maté (Ilex paraguariensis)","Brazil","BR",0.2401,0.07,"01630"
"A.02.10.011","Maté (Ilex paraguariensis)","Paraguay","PY",0.1137,0.07,"01630"
"A.02.10.013","Ginseng infusion roots","RoW","RoW",1,0.07,"01699"
"A.02.11.001","Cocoa beans (fermented beans) (Theobroma cacao)","Côte d'Ivoire","CI",0.6049,0.07,"01640"
"A.02.11.001","Cocoa beans (fermented beans) (Theobroma cacao)","Cameroon","CM",0.1008,0.07,"01640"
"A.02.11.001","Cocoa beans (fermented beans) (Theobroma cacao)","Dominican Republic","DO",0.0119,0.07,"01640"
"A.02.11.001","Cocoa beans (fermented beans) (Theobroma cacao)","Ecuador","EC",0.0308,0.07,"01640"
"A.02.11.001","Cocoa beans (fermented beans) (Theobroma cacao)","Ghana","GH",0.1524,0.07,"01640"
"A.02.11.001","Cocoa beans (fermented beans) (Theobroma cacao)","Indonesia","ID",0.0274,0.07,"01640"
"A.02.11.001","Cocoa beans (fermented beans) (Theobroma cacao)","Nigeria","NG",0.0498,0.07,"01640"
"A.02.11.001","Cocoa beans (fermented beans) (Theobroma cacao)","Peru","PE",0.022,0.07,"01640"
"A.02.12.001","Coffee beans, green","Brazil","BR",0.2931,0.07,"01610"
"A.02.12.001","Coffee beans, green","Côte d'Ivoire","CI",0.0204,0.07,"01610"
"A.02.12.001","Coffee beans, green","Colombia","CO",0.0453,0.07,"01610"
"A.02.12.001","Coffee beans, green","Ethiopia","ET",0.0163,0.07,"01610"
"A.02.12.001","Coffee beans, green","Honduras","HN",0.0367,0.07,"01610"
"A.02.12.001","Coffee beans, green","Indonesia","ID",0.0538,0.07,"01610"
"A.02.12.001","Coffee beans, green","India","IN",0.0253,0.07,"01610"
"A.02.12.001","Coffee beans, green","Mexico","MX",0.0104,0.07,"01610"
"A.02.12.001","Coffee beans, green","Nicaragua","NI",0.0141,0.07,"01610"
"A.02.12.001","Coffee beans, green","Peru","PE",0.0246,0.07,"01610"
"A.02.12.001","Coffee beans, green","Uganda","UG",0.0666,0.07,"01610"
"A.02.12.001","Coffee beans, green","Viet Nam","VN",0.3935,0.07,"01610"
"A.02.14.012","Hops (dried), including hop pellets and unconcentrated powder (Humulus lupulus)","Rest of World","RoW",1,0,"MI-01"
"A.02.15.001","Cultivated mushroom (syn. Button mushroom) (Agaricus bisporus)","Rest of World","RoW",1,0,"MI-51"
"A.02.15.002","Oyster mushroom (Pleurotus ostreatus)","China, mainland","CN",0.0181,0.07,"01270"
"A.02.15.002","Oyster mushroom (Pleurotus ostreatus)","Spain","ES",0.9524,0.07,"01270"
"A.02.15.002","Oyster mushroom (Pleurotus ostreatus)","Netherlands (Kingdom of the)","NL",0.0158,0.07,"01270"
"A.02.15.002","Oyster mushroom (Pleurotus ostreatus)","Poland","PL",0.0137,0.07,"01270"
"A.02.15.003","Shiitake","China, mainland","CN",0.0181,0.07,"01270"
"A.02.15.003","Shiitake","Spain","ES",0.9524,0.07,"01270"
"A.02.15.003","Shiitake","Netherlands (Kingdom of the)","NL",0.0158,0.07,"01270"
"A.02.15.003","Shiitake","Poland","PL",0.0137,0.07,"01270"
"A.02.16.002","Honey mushroom (Armillaria mellea)","Rest of World","RoW",1,0,"MI-52"
"A.02.16.003","Boletus (Boletus (and other) spp.)","Rest of World","RoW",1,0,"MI-53"
"A.02.16.004","Truffle (Tuber spp.)","Rest of World","RoW",1,0,"MI-54"
"A.02.16.005","Morel (Morchella esculanta)","Rest of World","RoW",1,0,"MI-55"
"A.02.16.006","Cantharelle (Cantharellus cibarius)","Rest of World","RoW",1,0,"MI-56"
"A.02.16.007","Orange agaric (Lactarius deliciosus)","Rest of World","RoW",1,0,"MI-57"
"A.03.01.001","New potatoes","Belgium","BE",0.053,0.24,"01510"
"A.03.01.001","New potatoes","Germany","DE",0.0379,0.24,"01510"
"A.03.01.001","New potatoes","Spain","ES",0.5719,0.24,"01510"
"A.03.01.001","New potatoes","France","FR",0.2506,0.24,"01510"
"A.03.01.001","New potatoes","United Kingdom of Great Britain and Northern Ireland","GB",0.0125,0.24,"01510"
"A.03.01.001","New potatoes","Netherlands (Kingdom of the)","NL",0.0741,0.24,"01510"
"A.03.01.002","Main-crop potatoes","Belgium","BE",0.053,0.24,"01510"
"A.03.01.002","Main-crop potatoes","Germany","DE",0.0379,0.24,"01510"
"A.03.01.002","Main-crop potatoes","Spain","ES",0.5719,0.24,"01510"
"A.03.01.002","Main-crop potatoes","France","FR",0.2506,0.24,"01510"
"A.03.01.002","Main-crop potatoes","United Kingdom of Great Britain and Northern Ireland","GB",0.0125,0.24,"01510"
"A.03.01.002","Main-crop potatoes","Netherlands (Kingdom of the)","NL",0.0741,0.24,"01510"
"A.03.02.001","Sweet potatoes","RoW","RoW",1,0.24,"01530"
"A.03.02.002","Cassava root (Manihot esculenta)","Bolivia (Plurinational State of)","BO",0.018,0.24,"01599.10"
"A.03.02.002","Cassava root (Manihot esculenta)","Côte d'Ivoire","CI",0.2919,0.24,"01599.10"
"A.03.02.002","Cassava root (Manihot esculenta)","Cameroon","CM",0.069,0.24,"01599.10"
"A.03.02.002","Cassava root (Manihot esculenta)","China, mainland","CN",0.1175,0.24,"01599.10"
"A.03.02.002","Cassava root (Manihot esculenta)","Costa Rica","CR",0.0112,0.24,"01599.10"
"A.03.02.002","Cassava root (Manihot esculenta)","Ghana","GH",0.1909,0.24,"01599.10"
"A.03.02.002","Cassava root (Manihot esculenta)","Honduras","HN",0.0392,0.24,"01599.10"
"A.03.02.002","Cassava root (Manihot esculenta)","Peru","PE",0.0318,0.24,"01599.10"
"A.03.02.002","Cassava root (Manihot esculenta)","Togo","TG",0.2075,0.24,"01599.10"
"A.03.02.002","Cassava root (Manihot esculenta)","Thailand","TH",0.023,0.24,"01599.10"
"A.03.02.004","Yams","Bolivia (Plurinational State of)","BO",0.018,0.24,"01599.10"
"A.03.02.004","Yams","Côte d'Ivoire","CI",0.2919,0.24,"01599.10"
"A.03.02.004","Yams","Cameroon","CM",0.069,0.24,"01599.10"
"A.03.02.004","Yams","China, mainland","CN",0.1175,0.24,"01599.10"
"A.03.02.004","Yams","Costa Rica","CR",0.0112,0.24,"01599.10"
"A.03.02.004","Yams","Ghana","GH",0.1909,0.24,"01599.10"
"A.03.02.004","Yams","Honduras","HN",0.0392,0.24,"01599.10"
"A.03.02.004","Yams","Peru","PE",0.0318,0.24,"01599.10"
"A.03.02.004","Yams","Togo","TG",0.2075,0.24,"01599.10"
"A.03.02.004","Yams","Thailand","TH",0.023,0.24,"01599.10"
"A.03.02.005","Jerusalem artichokes","Bolivia (Plurinational State of)","BO",0.018,0.24,"01599.10"
"A.03.02.005","Jerusalem artichokes","Côte d'Ivoire","CI",0.2919,0.24,"01599.10"
"A.03.02.005","Jerusalem artichokes","Cameroon","CM",0.069,0.24,"01599.10"
"A.03.02.005","Jerusalem artichokes","China, mainland","CN",0.1175,0.24,"01599.10"
"A.03.02.005","Jerusalem artichokes","Costa Rica","CR",0.0112,0.24,"01599.10"
"A.03.02.005","Jerusalem artichokes","Ghana","GH",0.1909,0.24,"01599.10"
"A.03.02.005","Jerusalem artichokes","Honduras","HN",0.0392,0.24,"01599.10"
"A.03.02.005","Jerusalem artichokes","Peru","PE",0.0318,0.24,"01599.10"
"A.03.02.005","Jerusalem artichokes","Togo","TG",0.2075,0.24,"01599.10"
"A.03.02.005","Jerusalem artichokes","Thailand","TH",0.023,0.24,"01599.10"
"A.04.01.001","Beans (fresh seeds without pods) and similar-","Argentina","AR",0.6865,0.06,"01701"
"A.04.01.001","Beans (fresh seeds without pods) and similar-","Bolivia (Plurinational State of)","BO",0.03,0.06,"01701"
"A.04.01.001","Beans (fresh seeds without pods) and similar-","Canada","CA",0.0918,0.06,"01701"
"A.04.01.001","Beans (fresh seeds without pods) and similar-","China, mainland","CN",0.0247,0.06,"01701"
"A.04.01.001","Beans (fresh seeds without pods) and similar-","Egypt","EG",0.0124,0.06,"01701"
"A.04.01.001","Beans (fresh seeds without pods) and similar-","Ethiopia","ET",0.0251,0.06,"01701"
"A.04.01.001","Beans (fresh seeds without pods) and similar-","Myanmar","MM",0.0176,0.06,"01701"
"A.04.01.001","Beans (fresh seeds without pods) and similar-","Peru","PE",0.019,0.06,"01701"
"A.04.01.001","Beans (fresh seeds without pods) and similar-","United States of America","US",0.0931,0.06,"01701"
"A.04.01.002","Peas (without pods) and similar-","Spain","ES",0.955,0.07,"01242"
"A.04.01.002","Peas (without pods) and similar-","France","FR",0.0125,0.07,"01242"
"A.04.01.002","Peas (without pods) and similar-","Netherlands (Kingdom of the)","NL",0.0325,0.07,"01242"
"A.04.02.001","Beans (dry) and similar-","Argentina","AR",0.6865,0.06,"01701"
"A.04.02.001","Beans (dry) and similar-","Bolivia (Plurinational State of)","BO",0.03,0.06,"01701"
"A.04.02.001","Beans (dry) and similar-","Canada","CA",0.0918,0.06,"01701"
"A.04.02.001","Beans (dry) and similar-","China, mainland","CN",0.0247,0.06,"01701"
"A.04.02.001","Beans (dry) and similar-","Egypt","EG",0.0124,0.06,"01701"
"A.04.02.001","Beans (dry) and similar-","Ethiopia","ET",0.0251,0.06,"01701"
"A.04.02.001","Beans (dry) and similar-","Myanmar","MM",0.0176,0.06,"01701"
"A.04.02.001","Beans (dry) and similar-","Peru","PE",0.019,0.06,"01701"
"A.04.02.001","Beans (dry) and similar-","United States of America","US",0.0931,0.06,"01701"
"A.04.02.002","Lentils (dry) and similar-","Canada","CA",0.6647,0.06,"01704"
"A.04.02.002","Lentils (dry) and similar-","Kazakhstan","KZ",0.0179,0.06,"01704"
"A.04.02.002","Lentils (dry) and similar-","United States of America","US",0.3174,0.06,"01704"
"A.04.02.003","Peas (dry) and similar-","Spain","ES",0.3595,0.06,"01705"
"A.04.02.003","Peas (dry) and similar-","France","FR",0.0237,0.06,"01705"
"A.04.02.003","Peas (dry) and similar-","Latvia","LV",0.0233,0.06,"01705"
"A.04.02.003","Peas (dry) and similar-","Russian Federation","RU",0.5935,0.06,"01705"
"A.04.02.004","Lupins (Lupinus spp.)","Australia","AU",0.0239,0.06,"01709.02"
"A.04.02.004","Lupins (Lupinus spp.)","Estonia","EE",0.0125,0.06,"01709.02"
"A.04.02.004","Lupins (Lupinus spp.)","Spain","ES",0.4549,0.06,"01709.02"
"A.04.02.004","Lupins (Lupinus spp.)","France","FR",0.0175,0.06,"01709.02"
"A.04.02.004","Lupins (Lupinus spp.)","United Kingdom of Great Britain and Northern Ireland","GB",0.1555,0.06,"01709.02"
"A.04.02.004","Lupins (Lupinus spp.)","Lithuania","LT",0.1057,0.06,"01709.02"
"A.04.02.004","Lupins (Lupinus spp.)","Latvia","LV",0.2299,0.06,"01709.02"
"A.04.02.005","Chickpeas (dry)","Argentina","AR",0.1133,0.06,"01703"
"A.04.02.005","Chickpeas (dry)","Australia","AU",0.0382,0.06,"01703"
"A.04.02.005","Chickpeas (dry)","Canada","CA",0.1429,0.06,"01703"
"A.04.02.005","Chickpeas (dry)","India","IN",0.0284,0.06,"01703"
"A.04.02.005","Chickpeas (dry)","Mexico","MX",0.3134,0.06,"01703"
"A.04.02.005","Chickpeas (dry)","Russian Federation","RU",0.0548,0.06,"01703"
"A.04.02.005","Chickpeas (dry)","Türkiye","TR",0.0243,0.06,"01703"
"A.04.02.005","Chickpeas (dry)","United States of America","US",0.2847,0.06,"01703"
"A.04.02.007","Broad bean (Vicia faba)","Australia","AU",0.0239,0.06,"01702"
"A.04.02.007","Broad bean (Vicia faba)","Estonia","EE",0.0125,0.06,"01702"
"A.04.02.007","Broad bean (Vicia faba)","Spain","ES",0.4549,0.06,"01702"
"A.04.02.007","Broad bean (Vicia faba)","France","FR",0.0175,0.06,"01702"
"A.04.02.007","Broad bean (Vicia faba)","United Kingdom of Great Britain and Northern Ireland","GB",0.1555,0.06,"01702"
"A.04.02.007","Broad bean (Vicia faba)","Lithuania","LT",0.1057,0.06,"01702"
"A.04.02.007","Broad bean (Vicia faba)","Latvia","LV",0.2299,0.06,"01702"
"A.04.02.008","Lima beans (dry)","Argentina","AR",0.6865,0.06,"01701"
"A.04.02.008","Lima beans (dry)","Bolivia (Plurinational State of)","BO",0.03,0.06,"01701"
"A.04.02.008","Lima beans (dry)","Canada","CA",0.0918,0.06,"01701"
"A.04.02.008","Lima beans (dry)","China, mainland","CN",0.0247,0.06,"01701"
"A.04.02.008","Lima beans (dry)","Egypt","EG",0.0124,0.06,"01701"
"A.04.02.008","Lima beans (dry)","Ethiopia","ET",0.0251,0.06,"01701"
"A.04.02.008","Lima beans (dry)","Myanmar","MM",0.0176,0.06,"01701"
"A.04.02.008","Lima beans (dry)","Peru","PE",0.019,0.06,"01701"
"A.04.02.008","Lima beans (dry)","United States of America","US",0.0931,0.06,"01701"
"A.04.02.009","Mung bean sprouts","Argentina","AR",0.6865,0.06,"01701"
"A.04.02.009","Mung bean sprouts","Bolivia (Plurinational State of)","BO",0.03,0.06,"01701"
"A.04.02.009","Mung bean sprouts","Canada","CA",0.0918,0.06,"01701"
"A.04.02.009","Mung bean sprouts","China, mainland","CN",0.0247,0.06,"01701"
"A.04.02.009","Mung bean sprouts","Egypt","EG",0.0124,0.06,"01701"
"A.04.02.009","Mung bean sprouts","Ethiopia","ET",0.0251,0.06,"01701"
"A.04.02.009","Mung bean sprouts","Myanmar","MM",0.0176,0.06,"01701"
"A.04.02.009","Mung bean sprouts","Peru","PE",0.019,0.06,"01701"
"A.04.02.009","Mung bean sprouts","United States of America","US",0.0931,0.06,"01701"
"A.04.02.011","Black eyed peas (dry)","Spain","ES",0.3595,0.06,"01705"
"A.04.02.011","Black eyed peas (dry)","France","FR",0.0237,0.06,"01705"
"A.04.02.011","Black eyed peas (dry)","Latvia","LV",0.0233,0.06,"01705"
"A.04.02.011","Black eyed peas (dry)","Russian Federation","RU",0.5935,0.06,"01705"
"A.04.02.012","Soyabeans for oil","Argentina","AR",0.1757,0.06,"0141"
"A.04.02.012","Soyabeans for oil","Brazil","BR",0.548,0.06,"0141"
"A.04.02.012","Soyabeans for oil","Canada","CA",0.0133,0.06,"0141"
"A.04.02.012","Soyabeans for oil","Paraguay","PY",0.019,0.06,"0141"
"A.04.02.012","Soyabeans for oil","United States of America","US",0.244,0.06,"0141"
"A.04.02.014","Carobs","Argentina","AR",0.6865,0.06,"01709.90"
"A.04.02.014","Carobs","Bolivia (Plurinational State of)","BO",0.03,0.06,"01709.90"
"A.04.02.014","Carobs","Canada","CA",0.0918,0.06,"01709.90"
"A.04.02.014","Carobs","China, mainland","CN",0.0247,0.06,"01709.90"
"A.04.02.014","Carobs","Egypt","EG",0.0124,0.06,"01709.90"
"A.04.02.014","Carobs","Ethiopia","ET",0.0251,0.06,"01709.90"
"A.04.02.014","Carobs","Myanmar","MM",0.0176,0.06,"01709.90"
"A.04.02.014","Carobs","Peru","PE",0.019,0.06,"01709.90"
"A.04.02.014","Carobs","United States of America","US",0.0931,0.06,"01709.90"
"A.04.02.020","Yams","Bolivia (Plurinational State of)","BO",0.018,0.24,"01599.10"
"A.04.02.020","Yams","Côte d'Ivoire","CI",0.2919,0.24,"01599.10"
"A.04.02.020","Yams","Cameroon","CM",0.069,0.24,"01599.10"
"A.04.02.020","Yams","China, mainland","CN",0.1175,0.24,"01599.10"
"A.04.02.020","Yams","Costa Rica","CR",0.0112,0.24,"01599.10"
"A.04.02.020","Yams","Ghana","GH",0.1909,0.24,"01599.10"
"A.04.02.020","Yams","Honduras","HN",0.0392,0.24,"01599.10"
"A.04.02.020","Yams","Peru","PE",0.0318,0.24,"01599.10"
"A.04.02.020","Yams","Togo","TG",0.2075,0.24,"01599.10"
"A.04.02.020","Yams","Thailand","TH",0.023,0.24,"01599.10"
"A.04.02.021","Peanuts","Australia","AU",0.0196,0.06,"0142"
"A.04.02.021","Peanuts","Spain","ES",0.7223,0.06,"0142"
"A.04.02.021","Peanuts","Portugal","PT",0.0585,0.06,"0142"
"A.04.02.021","Peanuts","United States of America","US",0.1996,0.06,"0142"
"A.04.03.001","Almonds sweet","Australia","AU",0.0196,0.06,"01371"
"A.04.03.001","Almonds sweet","Spain","ES",0.7223,0.06,"01371"
"A.04.03.001","Almonds sweet","Portugal","PT",0.0585,0.06,"01371"
"A.04.03.001","Almonds sweet","United States of America","US",0.1996,0.06,"01371"
"A.04.03.002","Bitter almonds","Australia","AU",0.0196,0.06,"01371"
"A.04.03.002","Bitter almonds","Spain","ES",0.7223,0.06,"01371"
"A.04.03.002","Bitter almonds","Portugal","PT",0.0585,0.06,"01371"
"A.04.03.002","Bitter almonds","United States of America","US",0.1996,0.06,"01371"
"A.04.03.003","Brazil nuts","Australia","AU",0.0196,0.06,"01377"
"A.04.03.003","Brazil nuts","Spain","ES",0.7223,0.06,"01377"
"A.04.03.003","Brazil nuts","Portugal","PT",0.0585,0.06,"01377"
"A.04.03.003","Brazil nuts","United States of America","US",0.1996,0.06,"01377"
"A.04.03.004","Cashew nuts","Burkina Faso","BF",0.024,0.06,"01372"
"A.04.03.004","Cashew nuts","Benin","BJ",0.017,0.06,"01372"
"A.04.03.004","Cashew nuts","Côte d'Ivoire","CI",0.4478,0.06,"01372"
"A.04.03.004","Cashew nuts","Ghana","GH",0.0611,0.06,"01372"
"A.04.03.004","Cashew nuts","Guinea-Bissau","GW",0.0103,0.06,"01372"
"A.04.03.004","Cashew nuts","Indonesia","ID",0.019,0.06,"01372"
"A.04.03.004","Cashew nuts","India","IN",0.0739,0.06,"01372"
"A.04.03.004","Cashew nuts","Mozambique","MZ",0.022,0.06,"01372"
"A.04.03.004","Cashew nuts","Nigeria","NG",0.014,0.06,"01372"
"A.04.03.004","Cashew nuts","Senegal","SN",0.0179,0.06,"01372"
"A.04.03.004","Cashew nuts","United Republic of Tanzania","TZ",0.0767,0.06,"01372"
"A.04.03.004","Cashew nuts","Viet Nam","VN",0.2164,0.06,"01372"
"A.04.03.005","Chestnuts","Spain","ES",0.9881,0.06,"01373"
"A.04.03.005","Chestnuts","Portugal","PT",0.0119,0.06,"01373"
"A.04.03.006","Coconuts","Indonesia","ID",0.106,0.06,"01460"
"A.04.03.006","Coconuts","Sri Lanka","LK",0.0394,0.06,"01460"
"A.04.03.006","Coconuts","Philippines","PH",0.8208,0.06,"01460"
"A.04.03.006","Coconuts","Viet Nam","VN",0.0337,0.06,"01460"
"A.04.03.007","Hazelnuts","Azerbaijan","AZ",0.011,0.06,"01374"
"A.04.03.007","Hazelnuts","Chile","CL",0.0118,0.06,"01374"
"A.04.03.007","Hazelnuts","Spain","ES",0.4689,0.06,"01374"
"A.04.03.007","Hazelnuts","Georgia","GE",0.0864,0.06,"01374"
"A.04.03.007","Hazelnuts","Italy","IT",0.0626,0.06,"01374"
"A.04.03.007","Hazelnuts","Portugal","PT",0.0335,0.06,"01374"
"A.04.03.007","Hazelnuts","Türkiye","TR",0.3152,0.06,"01374"
"A.04.03.007","Hazelnuts","United States of America","US",0.0104,0.06,"01374"
"A.04.03.008","Macadamias","Australia","AU",0.0196,0.06,"01371"
"A.04.03.008","Macadamias","Spain","ES",0.7223,0.06,"01371"
"A.04.03.008","Macadamias","Portugal","PT",0.0585,0.06,"01371"
"A.04.03.008","Macadamias","United States of America","US",0.1996,0.06,"01371"
"A.04.03.009","Pecans","Australia","AU",0.0196,0.06,"01371"
"A.04.03.009","Pecans","Spain","ES",0.7223,0.06,"01371"
"A.04.03.009","Pecans","Portugal","PT",0.0585,0.06,"01371"
"A.04.03.009","Pecans","United States of America","US",0.1996,0.06,"01371"
"A.04.03.010","Pine nut kernels","Australia","AU",0.0196,0.06,"01371"
"A.04.03.010","Pine nut kernels","Spain","ES",0.7223,0.06,"01371"
"A.04.03.010","Pine nut kernels","Portugal","PT",0.0585,0.06,"01371"
"A.04.03.010","Pine nut kernels","United States of America","US",0.1996,0.06,"01371"
"A.04.03.011","Pistachios","Iran (Islamic Republic of)","IR",0.088,0.06,"01375"
"A.04.03.011","Pistachios","Türkiye","TR",0.0117,0.06,"01375"
"A.04.03.011","Pistachios","United States of America","US",0.9003,0.06,"01375"
"A.04.03.012","Walnuts","Chile","CL",0.1654,0.06,"01376"
"A.04.03.012","Walnuts","China, mainland","CN",0.0127,0.06,"01376"
"A.04.03.012","Walnuts","Spain","ES",0.3931,0.06,"01376"
"A.04.03.012","Walnuts","France","FR",0.0595,0.06,"01376"
"A.04.03.012","Walnuts","United States of America","US",0.3692,0.06,"01376"
"A.04.03.013","Kola nut (Cola spp.)","Côte d'Ivoire","CI",0.6841,0.06,"01379.02"
"A.04.03.013","Kola nut (Cola spp.)","Cameroon","CM",0.0789,0.06,"01379.02"
"A.04.03.013","Kola nut (Cola spp.)","Ghana","GH",0.0195,0.06,"01379.02"
"A.04.03.013","Kola nut (Cola spp.)","Nigeria","NG",0.2176,0.06,"01379.02"
"A.04.04.001","Linseeds","Canada","CA",0.0176,0.06,"01441"
"A.04.04.001","Linseeds","Spain","ES",0.0403,0.06,"01441"
"A.04.04.001","Linseeds","France","FR",0.0341,0.06,"01441"
"A.04.04.001","Linseeds","United Kingdom of Great Britain and Northern Ireland","GB",0.0121,0.06,"01441"
"A.04.04.001","Linseeds","Kazakhstan","KZ",0.3441,0.06,"01441"
"A.04.04.001","Linseeds","Russian Federation","RU",0.5048,0.06,"01441"
"A.04.04.001","Linseeds","Ukraine","UA",0.047,0.06,"01441"
"A.04.04.003","Poppy seeds","RoW","RoW",1,0.06,"01448"
"A.04.04.004","Sesame seed (Sesamum indicum syn. S. orientale)","Bangladesh","BD",0.0169,0.06,"01449.90"
"A.04.04.004","Sesame seed (Sesamum indicum syn. S. orientale)","Côte d'Ivoire","CI",0.0214,0.06,"01449.90"
"A.04.04.004","Sesame seed (Sesamum indicum syn. S. orientale)","China, mainland","CN",0.2,0.06,"01449.90"
"A.04.04.004","Sesame seed (Sesamum indicum syn. S. orientale)","Spain","ES",0.5413,0.06,"01449.90"
"A.04.04.004","Sesame seed (Sesamum indicum syn. S. orientale)","Ethiopia","ET",0.0242,0.06,"01449.90"
"A.04.04.004","Sesame seed (Sesamum indicum syn. S. orientale)","France","FR",0.0432,0.06,"01449.90"
"A.04.04.004","Sesame seed (Sesamum indicum syn. S. orientale)","Greece","GR",0.0365,0.06,"01449.90"
"A.04.04.004","Sesame seed (Sesamum indicum syn. S. orientale)","Hungary","HU",0.0306,0.06,"01449.90"
"A.04.04.004","Sesame seed (Sesamum indicum syn. S. orientale)","Kenya","KE",0.0352,0.06,"01449.90"
"A.04.04.004","Sesame seed (Sesamum indicum syn. S. orientale)","Malaysia","MY",0.0198,0.06,"01449.90"
"A.04.04.004","Sesame seed (Sesamum indicum syn. S. orientale)","Peru","PE",0.0116,0.06,"01449.90"
"A.04.04.004","Sesame seed (Sesamum indicum syn. S. orientale)","Ukraine","UA",0.0193,0.06,"01449.90"
"A.04.04.005","Sunflower seeds","Argentina","AR",0.0691,0.06,"01445"
"A.04.04.005","Sunflower seeds","Bulgaria","BG",0.0471,0.06,"01445"
"A.04.04.005","Sunflower seeds","Spain","ES",0.3718,0.06,"01445"
"A.04.04.005","Sunflower seeds","France","FR",0.0824,0.06,"01445"
"A.04.04.005","Sunflower seeds","Hungary","HU",0.0115,0.06,"01445"
"A.04.04.005","Sunflower seeds","Republic of Moldova","MD",0.0328,0.06,"01445"
"A.04.04.005","Sunflower seeds","Romania","RO",0.0767,0.06,"01445"
"A.04.04.005","Sunflower seeds","Russian Federation","RU",0.025,0.06,"01445"
"A.04.04.005","Sunflower seeds","Ukraine","UA",0.2837,0.06,"01445"
"A.04.04.006","Rape seed (Brassica napus)","Australia","AU",0.1453,0.06,"01443"
"A.04.04.006","Rape seed (Brassica napus)","Bulgaria","BG",0.027,0.06,"01443"
"A.04.04.006","Rape seed (Brassica napus)","Canada","CA",0.0146,0.06,"01443"
"A.04.04.006","Rape seed (Brassica napus)","Germany","DE",0.0666,0.06,"01443"
"A.04.04.006","Rape seed (Brassica napus)","Spain","ES",0.2224,0.06,"01443"
"A.04.04.006","Rape seed (Brassica napus)","France","FR",0.2654,0.06,"01443"
"A.04.04.006","Rape seed (Brassica napus)","Lithuania","LT",0.0284,0.06,"01443"
"A.04.04.006","Rape seed (Brassica napus)","Luxembourg","LU",0.0121,0.06,"01443"
"A.04.04.006","Rape seed (Brassica napus)","Poland","PL",0.0236,0.06,"01443"
"A.04.04.006","Rape seed (Brassica napus)","Romania","RO",0.0475,0.06,"01443"
"A.04.04.006","Rape seed (Brassica napus)","Russian Federation","RU",0.0546,0.06,"01443"
"A.04.04.006","Rape seed (Brassica napus)","Ukraine","UA",0.0924,0.06,"01443"
"A.04.04.007","Mustard seed (Brassica nigra)","Bangladesh","BD",0.0169,0.06,"01449.90"
"A.04.04.007","Mustard seed (Brassica nigra)","Côte d'Ivoire","CI",0.0214,0.06,"01449.90"
"A.04.04.007","Mustard seed (Brassica nigra)","China, mainland","CN",0.2,0.06,"01449.90"
"A.04.04.007","Mustard seed (Brassica nigra)","Spain","ES",0.5413,0.06,"01449.90"
"A.04.04.007","Mustard seed (Brassica nigra)","Ethiopia","ET",0.0242,0.06,"01449.90"
"A.04.04.007","Mustard seed (Brassica nigra)","France","FR",0.0432,0.06,"01449.90"
"A.04.04.007","Mustard seed (Brassica nigra)","Greece","GR",0.0365,0.06,"01449.90"
"A.04.04.007","Mustard seed (Brassica nigra)","Hungary","HU",0.0306,0.06,"01449.90"
"A.04.04.007","Mustard seed (Brassica nigra)","Kenya","KE",0.0352,0.06,"01449.90"
"A.04.04.007","Mustard seed (Brassica nigra)","Malaysia","MY",0.0198,0.06,"01449.90"
"A.04.04.007","Mustard seed (Brassica nigra)","Peru","PE",0.0116,0.06,"01449.90"
"A.04.04.007","Mustard seed (Brassica nigra)","Ukraine","UA",0.0193,0.06,"01449.90"
"A.04.04.009","Pumpkin seeds","Bangladesh","BD",0.0169,0.06,"01449.90"
"A.04.04.009","Pumpkin seeds","Côte d'Ivoire","CI",0.0214,0.06,"01449.90"
"A.04.04.009","Pumpkin seeds","China, mainland","CN",0.2,0.06,"01449.90"
"A.04.04.009","Pumpkin seeds","Spain","ES",0.5413,0.06,"01449.90"
"A.04.04.009","Pumpkin seeds","Ethiopia","ET",0.0242,0.06,"01449.90"
"A.04.04.009","Pumpkin seeds","France","FR",0.0432,0.06,"01449.90"
"A.04.04.009","Pumpkin seeds","Greece","GR",0.0365,0.06,"01449.90"
"A.04.04.009","Pumpkin seeds","Hungary","HU",0.0306,0.06,"01449.90"
"A.04.04.009","Pumpkin seeds","Kenya","KE",0.0352,0.06,"01449.90"
"A.04.04.009","Pumpkin seeds","Malaysia","MY",0.0198,0.06,"01449.90"
"A.04.04.009","Pumpkin seeds","Peru","PE",0.0116,0.06,"01449.90"
"A.04.04.009","Pumpkin seeds","Ukraine","UA",0.0193,0.06,"01449.90"
"A.04.04.010","Safflower (Carthamus tinctorius)","RoW","RoW",1,0.07,"01699"
"A.04.04.011","Borage (Borago officinalis)","RoW","RoW",1,0.07,"01699"
"A.04.04.013","Hemp seeds","Bangladesh","BD",0.0169,0.06,"01449.90"
"A.04.04.013","Hemp seeds","Côte d'Ivoire","CI",0.0214,0.06,"01449.90"
"A.04.04.013","Hemp seeds","China, mainland","CN",0.2,0.06,"01449.90"
"A.04.04.013","Hemp seeds","Spain","ES",0.5413,0.06,"01449.90"
"A.04.04.013","Hemp seeds","Ethiopia","ET",0.0242,0.06,"01449.90"
"A.04.04.013","Hemp seeds","France","FR",0.0432,0.06,"01449.90"
"A.04.04.013","Hemp seeds","Greece","GR",0.0365,0.06,"01449.90"
"A.04.04.013","Hemp seeds","Hungary","HU",0.0306,0.06,"01449.90"
"A.04.04.013","Hemp seeds","Kenya","KE",0.0352,0.06,"01449.90"
"A.04.04.013","Hemp seeds","Malaysia","MY",0.0198,0.06,"01449.90"
"A.04.04.013","Hemp seeds","Peru","PE",0.0116,0.06,"01449.90"
"A.04.04.013","Hemp seeds","Ukraine","UA",0.0193,0.06,"01449.90"
"A.04.05","Other oilseeds (including elsewhere non-listed seeds)","Bangladesh","BD",0.0169,0.06,"01449.90"
"A.04.05","Other oilseeds (including elsewhere non-listed seeds)","Côte d'Ivoire","CI",0.0214,0.06,"01449.90"
"A.04.05","Other oilseeds (including elsewhere non-listed seeds)","China, mainland","CN",0.2,0.06,"01449.90"
"A.04.05","Other oilseeds (including elsewhere non-listed seeds)","Spain","ES",0.5413,0.06,"01449.90"
"A.04.05","Other oilseeds (including elsewhere non-listed seeds)","Ethiopia","ET",0.0242,0.06,"01449.90"
"A.04.05","Other oilseeds (including elsewhere non-listed seeds)","France","FR",0.0432,0.06,"01449.90"
"A.04.05","Other oilseeds (including elsewhere non-listed seeds)","Greece","GR",0.0365,0.06,"01449.90"
"A.04.05","Other oilseeds (including elsewhere non-listed seeds)","Hungary","HU",0.0306,0.06,"01449.90"
"A.04.05","Other oilseeds (including elsewhere non-listed seeds)","Kenya","KE",0.0352,0.06,"01449.90"
"A.04.05","Other oilseeds (including elsewhere non-listed seeds)","Malaysia","MY",0.0198,0.06,"01449.90"
"A.04.05","Other oilseeds (including elsewhere non-listed seeds)","Peru","PE",0.0116,0.06,"01449.90"
"A.04.05","Other oilseeds (including elsewhere non-listed seeds)","Ukraine","UA",0.0193,0.06,"01449.90"
"A.05.01.001","Grapefruits","Spain","ES",1,0.07,"01321"
"A.05.01.002","Oranges","Brazil","BR",0.0203,0.07,"01323"
"A.05.01.002","Oranges","Egypt","EG",0.016,0.07,"01323"
"A.05.01.002","Oranges","Spain","ES",0.9637,0.07,"01323"
"A.05.01.003","Lemons","Argentina","AR",0.0204,0.07,"01322"
"A.05.01.003","Lemons","Spain","ES",0.962,0.07,"01322"
"A.05.01.003","Lemons","South Africa","ZA",0.0176,0.07,"01322"
"A.05.01.004","Limes","Argentina","AR",0.0204,0.07,"01322"
"A.05.01.004","Limes","Spain","ES",0.962,0.07,"01322"
"A.05.01.004","Limes","South Africa","ZA",0.0176,0.07,"01322"
"A.05.01.005","Mandarins and similar-","Spain","ES",1,0.07,"01324"
"A.05.01.006","Pomelo (Citrus grandis)","Spain","ES",1,0.07,"01321"
"A.05.02.001","Apples","Germany","DE",0.0176,0.07,"01341"
"A.05.02.001","Apples","Spain","ES",0.654,0.07,"01341"
"A.05.02.001","Apples","France","FR",0.0833,0.07,"01341"
"A.05.02.001","Apples","Italy","IT",0.1384,0.07,"01341"
"A.05.02.001","Apples","Poland","PL",0.0519,0.07,"01341"
"A.05.02.001","Apples","Portugal","PT",0.0548,0.07,"01341"
"A.05.02.002","Pears","Belgium","BE",0.0761,0.07,"01342.01"
"A.05.02.002","Pears","Chile","CL",0.0154,0.07,"01342.01"
"A.05.02.002","Pears","Spain","ES",0.8296,0.07,"01342.01"
"A.05.02.002","Pears","Netherlands (Kingdom of the)","NL",0.0452,0.07,"01342.01"
"A.05.02.002","Pears","Portugal","PT",0.0336,0.07,"01342.01"
"A.05.02.003","Quinces","Argentina","AR",1,0.06,"01342.02"
"A.05.02.004","Medlars","RoW","RoW",1,0.07,"01359.90"
"A.05.02.005","Loquats","RoW","RoW",1,0.07,"01359.90"
"A.05.02.007","Sorb fruits","Germany","DE",0.0176,0.07,"01341"
"A.05.02.007","Sorb fruits","Spain","ES",0.654,0.07,"01341"
"A.05.02.007","Sorb fruits","France","FR",0.0833,0.07,"01341"
"A.05.02.007","Sorb fruits","Italy","IT",0.1384,0.07,"01341"
"A.05.02.007","Sorb fruits","Poland","PL",0.0519,0.07,"01341"
"A.05.02.007","Sorb fruits","Portugal","PT",0.0548,0.07,"01341"
"A.05.02.009","Nashi pears","Belgium","BE",0.0761,0.07,"01342.01"
"A.05.02.009","Nashi pears","Chile","CL",0.0154,0.07,"01342.01"
"A.05.02.009","Nashi pears","Spain","ES",0.8296,0.07,"01342.01"
"A.05.02.009","Nashi pears","Netherlands (Kingdom of the)","NL",0.0452,0.07,"01342.01"
"A.05.02.009","Nashi pears","Portugal","PT",0.0336,0.07,"01342.01"
"A.05.03.001","Apricots","Spain","ES",0.9607,0.07,"01343"
"A.05.03.001","Apricots","Türkiye","TR",0.0393,0.07,"01343"
"A.05.03.002","Plums","Argentina","AR",0.0522,0.07,"01346"
"A.05.03.002","Plums","Chile","CL",0.0543,0.07,"01346"
"A.05.03.002","Plums","Spain","ES",0.8444,0.07,"01346"
"A.05.03.002","Plums","France","FR",0.0243,0.07,"01346"
"A.05.03.002","Plums","Republic of Moldova","MD",0.0136,0.07,"01346"
"A.05.03.002","Plums","South Africa","ZA",0.0113,0.07,"01346"
"A.05.03.003","Damsons","Argentina","AR",0.0522,0.07,"01346"
"A.05.03.003","Damsons","Chile","CL",0.0543,0.07,"01346"
"A.05.03.003","Damsons","Spain","ES",0.8444,0.07,"01346"
"A.05.03.003","Damsons","France","FR",0.0243,0.07,"01346"
"A.05.03.003","Damsons","Republic of Moldova","MD",0.0136,0.07,"01346"
"A.05.03.003","Damsons","South Africa","ZA",0.0113,0.07,"01346"
"A.05.03.004","Mirabelles","Argentina","AR",0.0522,0.07,"01346"
"A.05.03.004","Mirabelles","Chile","CL",0.0543,0.07,"01346"
"A.05.03.004","Mirabelles","Spain","ES",0.8444,0.07,"01346"
"A.05.03.004","Mirabelles","France","FR",0.0243,0.07,"01346"
"A.05.03.004","Mirabelles","Republic of Moldova","MD",0.0136,0.07,"01346"
"A.05.03.004","Mirabelles","South Africa","ZA",0.0113,0.07,"01346"
"A.05.03.005","Gages","Argentina","AR",0.0522,0.07,"01346"
"A.05.03.005","Gages","Chile","CL",0.0543,0.07,"01346"
"A.05.03.005","Gages","Spain","ES",0.8444,0.07,"01346"
"A.05.03.005","Gages","France","FR",0.0243,0.07,"01346"
"A.05.03.005","Gages","Republic of Moldova","MD",0.0136,0.07,"01346"
"A.05.03.005","Gages","South Africa","ZA",0.0113,0.07,"01346"
"A.05.03.006","Cherries (sweet)","Spain","ES",1,0.07,"01344.02"
"A.05.03.007","Sour cherries","Spain","ES",1,0.07,"01344.01"
"A.05.03.011","Peaches and similar-","Spain","ES",1,0.07,"01345"
"A.05.04.001","Table grapes","Spain","ES",0.9896,0.07,"01330"
"A.05.04.001","Table grapes","Italy","IT",0.0104,0.07,"01330"
"A.05.04.002","Wine grapes","Spain","ES",0.9896,0.07,"01330"
"A.05.04.002","Wine grapes","Italy","IT",0.0104,0.07,"01330"
"A.05.04.003","Strawberries","Spain","ES",1,0.07,"01354"
"A.05.04.004","Blackberries","Spain","ES",0.9848,0.07,"01353.01"
"A.05.04.004","Blackberries","Morocco","MA",0.0152,0.07,"01353.01"
"A.05.04.006","Raspberries (red and yellow)","Spain","ES",0.9848,0.07,"01353.01"
"A.05.04.006","Raspberries (red and yellow)","Morocco","MA",0.0152,0.07,"01353.01"
"A.05.04.008","Blueberries","Spain","ES",0.9848,0.07,"01355.01"
"A.05.04.008","Blueberries","Morocco","MA",0.0152,0.07,"01355.01"
"A.05.04.009","Cranberries","Spain","ES",0.9848,0.07,"01355.01"
"A.05.04.009","Cranberries","Morocco","MA",0.0152,0.07,"01355.01"
"A.05.04.010","Currants (black, red and white)","Belgium","BE",0.0158,0.07,"01351.01"
"A.05.04.010","Currants (black, red and white)","Chile","CL",0.0132,0.07,"01351.01"
"A.05.04.010","Currants (black, red and white)","Germany","DE",0.0101,0.07,"01351.01"
"A.05.04.010","Currants (black, red and white)","Denmark","DK",0.042,0.07,"01351.01"
"A.05.04.010","Currants (black, red and white)","Spain","ES",0.3457,0.07,"01351.01"
"A.05.04.010","Currants (black, red and white)","France","FR",0.0587,0.07,"01351.01"
"A.05.04.010","Currants (black, red and white)","Netherlands (Kingdom of the)","NL",0.3167,0.07,"01351.01"
"A.05.04.010","Currants (black, red and white)","Poland","PL",0.175,0.07,"01351.01"
"A.05.04.010","Currants (black, red and white)","Portugal","PT",0.0228,0.07,"01351.01"
"A.05.04.011","Gooseberries (green, red and yellow)","Spain","ES",0.9848,0.07,"01355.01"
"A.05.04.011","Gooseberries (green, red and yellow)","Morocco","MA",0.0152,0.07,"01355.01"
"A.05.04.012","Rose hips","RoW","RoW",1,0.07,"01699"
"A.05.04.013","Mulberries (black and white)","Spain","ES",0.9535,0.07,"01315"
"A.05.04.013","Mulberries (black and white)","Türkiye","TR",0.0465,0.07,"01315"
"A.05.04.014","Azarole (mediteranean medlar) (Crataegus azarolus)","Spain","ES",0.9848,0.07,"01355.01"
"A.05.04.014","Azarole (mediteranean medlar) (Crataegus azarolus)","Morocco","MA",0.0152,0.07,"01355.01"
"A.05.04.015","Elderberries","Belgium","BE",0.0158,0.07,"01351.01"
"A.05.04.015","Elderberries","Chile","CL",0.0132,0.07,"01351.01"
"A.05.04.015","Elderberries","Germany","DE",0.0101,0.07,"01351.01"
"A.05.04.015","Elderberries","Denmark","DK",0.042,0.07,"01351.01"
"A.05.04.015","Elderberries","Spain","ES",0.3457,0.07,"01351.01"
"A.05.04.015","Elderberries","France","FR",0.0587,0.07,"01351.01"
"A.05.04.015","Elderberries","Netherlands (Kingdom of the)","NL",0.3167,0.07,"01351.01"
"A.05.04.015","Elderberries","Poland","PL",0.175,0.07,"01351.01"
"A.05.04.015","Elderberries","Portugal","PT",0.0228,0.07,"01351.01"
"A.05.04.016","Cloudberries","Spain","ES",0.9848,0.07,"01353.01"
"A.05.04.016","Cloudberries","Morocco","MA",0.0152,0.07,"01353.01"
"A.05.04.017","Loganberry (Rubus loganobaccus)","Spain","ES",0.9848,0.07,"01355.01"
"A.05.04.017","Loganberry (Rubus loganobaccus)","Morocco","MA",0.0152,0.07,"01355.01"
"A.05.04.022","Bilberries","Spain","ES",0.9848,0.07,"01355.01"
"A.05.04.022","Bilberries","Morocco","MA",0.0152,0.07,"01355.01"
"A.05.04.026","Lingonberry (Vaccinium vitis-idaea)","Spain","ES",0.9848,0.07,"01355.01"
"A.05.04.026","Lingonberry (Vaccinium vitis-idaea)","Morocco","MA",0.0152,0.07,"01355.01"
"A.05.04.029","Ground cherries (physalis etc.)","China, mainland","CN",0.0213,0.07,"01234"
"A.05.04.029","Ground cherries (physalis etc.)","Spain","ES",0.924,0.07,"01234"
"A.05.04.029","Ground cherries (physalis etc.)","Italy","IT",0.0109,0.07,"01234"
"A.05.04.029","Ground cherries (physalis etc.)","Morocco","MA",0.0119,0.07,"01234"
"A.05.04.029","Ground cherries (physalis etc.)","Portugal","PT",0.0319,0.07,"01234"
"A.05.04.030","Sea buckthorns","Belgium","BE",0.0158,0.07,"01351.01"
"A.05.04.030","Sea buckthorns","Chile","CL",0.0132,0.07,"01351.01"
"A.05.04.030","Sea buckthorns","Germany","DE",0.0101,0.07,"01351.01"
"A.05.04.030","Sea buckthorns","Denmark","DK",0.042,0.07,"01351.01"
"A.05.04.030","Sea buckthorns","Spain","ES",0.3457,0.07,"01351.01"
"A.05.04.030","Sea buckthorns","France","FR",0.0587,0.07,"01351.01"
"A.05.04.030","Sea buckthorns","Netherlands (Kingdom of the)","NL",0.3167,0.07,"01351.01"
"A.05.04.030","Sea buckthorns","Poland","PL",0.175,0.07,"01351.01"
"A.05.04.030","Sea buckthorns","Portugal","PT",0.0228,0.07,"01351.01"
"A.05.05.001","Olives for oil production","Spain","ES",0.9638,0.06,"01450"
"A.05.05.001","Olives for oil production","Portugal","PT",0.0217,0.06,"01450"
"A.05.05.001","Olives for oil production","Tunisia","TN",0.0145,0.06,"01450"
"A.05.05.002","Palm nuts (palmoil kernels)","Bangladesh","BD",0.0169,0.06,"01491.02"
"A.05.05.002","Palm nuts (palmoil kernels)","Côte d'Ivoire","CI",0.0214,0.06,"01491.02"
"A.05.05.002","Palm nuts (palmoil kernels)","China, mainland","CN",0.2,0.06,"01491.02"
"A.05.05.002","Palm nuts (palmoil kernels)","Spain","ES",0.5413,0.06,"01491.02"
"A.05.05.002","Palm nuts (palmoil kernels)","Ethiopia","ET",0.0242,0.06,"01491.02"
"A.05.05.002","Palm nuts (palmoil kernels)","France","FR",0.0432,0.06,"01491.02"
"A.05.05.002","Palm nuts (palmoil kernels)","Greece","GR",0.0365,0.06,"01491.02"
"A.05.05.002","Palm nuts (palmoil kernels)","Hungary","HU",0.0306,0.06,"01491.02"
"A.05.05.002","Palm nuts (palmoil kernels)","Kenya","KE",0.0352,0.06,"01491.02"
"A.05.05.002","Palm nuts (palmoil kernels)","Malaysia","MY",0.0198,0.06,"01491.02"
"A.05.05.002","Palm nuts (palmoil kernels)","Peru","PE",0.0116,0.06,"01491.02"
"A.05.05.002","Palm nuts (palmoil kernels)","Ukraine","UA",0.0193,0.06,"01491.02"
"A.05.05.003","Palmfruit (Elaeis guineensis)","Colombia","CO",0.0262,0.06,"01491.01"
"A.05.05.003","Palmfruit (Elaeis guineensis)","Costa Rica","CR",0.0135,0.06,"01491.01"
"A.05.05.003","Palmfruit (Elaeis guineensis)","Gabon","GA",0.0189,0.06,"01491.01"
"A.05.05.003","Palmfruit (Elaeis guineensis)","Guatemala","GT",0.1005,0.06,"01491.01"
"A.05.05.003","Palmfruit (Elaeis guineensis)","Honduras","HN",0.0307,0.06,"01491.01"
"A.05.05.003","Palmfruit (Elaeis guineensis)","Indonesia","ID",0.6751,0.06,"01491.01"
"A.05.05.003","Palmfruit (Elaeis guineensis)","Malaysia","MY",0.1352,0.06,"01491.01"
"A.05.06.001","Dates","Algeria","DZ",0.1152,0.07,"01314"
"A.05.06.001","Dates","Israel","IL",0.059,0.07,"01314"
"A.05.06.001","Dates","Mexico","MX",0.5364,0.07,"01314"
"A.05.06.001","Dates","Tunisia","TN",0.1388,0.07,"01314"
"A.05.06.001","Dates","United States of America","US",0.1506,0.07,"01314"
"A.05.06.002","Figs","Spain","ES",0.9535,0.07,"01315"
"A.05.06.002","Figs","Türkiye","TR",0.0465,0.07,"01315"
"A.05.06.003","Table olives","Spain","ES",0.9638,0.06,"01450"
"A.05.06.003","Table olives","Portugal","PT",0.0217,0.06,"01450"
"A.05.06.003","Table olives","Tunisia","TN",0.0145,0.06,"01450"
"A.05.06.004","Kumquats","Argentina","AR",0.0204,0.07,"01322"
"A.05.06.004","Kumquats","Spain","ES",0.962,0.07,"01322"
"A.05.06.004","Kumquats","South Africa","ZA",0.0176,0.07,"01322"
"A.05.06.005","Carambolas","RoW","RoW",1,0.07,"01359.90"
"A.05.06.006","Kaki","RoW","RoW",1,0.07,"01359.01"
"A.05.06.008","Kiwi fruits (green, red, yellow)","Chile","CL",0.043,0.07,"01352"
"A.05.06.008","Kiwi fruits (green, red, yellow)","Spain","ES",0.1753,0.07,"01352"
"A.05.06.008","Kiwi fruits (green, red, yellow)","Greece","GR",0.1945,0.07,"01352"
"A.05.06.008","Kiwi fruits (green, red, yellow)","Italy","IT",0.1717,0.07,"01352"
"A.05.06.008","Kiwi fruits (green, red, yellow)","New Zealand","NZ",0.2824,0.07,"01352"
"A.05.06.008","Kiwi fruits (green, red, yellow)","Portugal","PT",0.1331,0.07,"01352"
"A.05.06.009","Litchis","RoW","RoW",1,0.07,"01359.90"
"A.05.06.010","Passionfruits","RoW","RoW",1,0.07,"01359.90"
"A.05.06.011","Prickly pears","RoW","RoW",1,0.07,"01359.90"
"A.05.06.013","American persimmons","China, mainland","CN",0.0213,0.07,"01234"
"A.05.06.013","American persimmons","Spain","ES",0.924,0.07,"01234"
"A.05.06.013","American persimmons","Italy","IT",0.0109,0.07,"01234"
"A.05.06.013","American persimmons","Morocco","MA",0.0119,0.07,"01234"
"A.05.06.013","American persimmons","Portugal","PT",0.0319,0.07,"01234"
"A.05.06.014","Avocados","Brazil","BR",0.0143,0.07,"01311"
"A.05.06.014","Avocados","Chile","CL",0.0287,0.07,"01311"
"A.05.06.014","Avocados","Colombia","CO",0.0467,0.07,"01311"
"A.05.06.014","Avocados","Spain","ES",0.3709,0.07,"01311"
"A.05.06.014","Avocados","Kenya","KE",0.0394,0.07,"01311"
"A.05.06.014","Avocados","Morocco","MA",0.0607,0.07,"01311"
"A.05.06.014","Avocados","Mexico","MX",0.0255,0.07,"01311"
"A.05.06.014","Avocados","Peru","PE",0.3802,0.07,"01311"
"A.05.06.014","Avocados","Portugal","PT",0.017,0.07,"01311"
"A.05.06.014","Avocados","South Africa","ZA",0.0166,0.07,"01311"
"A.05.06.015","Bananas (Musa × paradisica)","Côte d'Ivoire","CI",0.0369,0.07,"01312"
"A.05.06.015","Bananas (Musa × paradisica)","Colombia","CO",0.0996,0.07,"01312"
"A.05.06.015","Bananas (Musa × paradisica)","Costa Rica","CR",0.2444,0.07,"01312"
"A.05.06.015","Bananas (Musa × paradisica)","Ecuador","EC",0.04,0.07,"01312"
"A.05.06.015","Bananas (Musa × paradisica)","Spain","ES",0.5528,0.07,"01312"
"A.05.06.015","Bananas (Musa × paradisica)","France","FR",0.0263,0.07,"01312"
"A.05.06.016","Mangoes","Brazil","BR",0.6639,0.07,"01316"
"A.05.06.016","Mangoes","Côte d'Ivoire","CI",0.021,0.07,"01316"
"A.05.06.016","Mangoes","Dominican Republic","DO",0.0184,0.07,"01316"
"A.05.06.016","Mangoes","India","IN",0.0109,0.07,"01316"
"A.05.06.016","Mangoes","Mexico","MX",0.0349,0.07,"01316"
"A.05.06.016","Mangoes","Peru","PE",0.2366,0.07,"01316"
"A.05.06.016","Mangoes","Senegal","SN",0.0143,0.07,"01316"
"A.05.06.017","Papayas","Brazil","BR",0.8733,0.07,"01317"
"A.05.06.017","Papayas","Panama","PA",0.1267,0.07,"01317"
"A.05.06.018","Granate apples","RoW","RoW",1,0.07,"01359.90"
"A.05.06.019","Wild sweetsops","RoW","RoW",1,0.07,"01359.90"
"A.05.06.020","Guavas","Brazil","BR",0.6639,0.07,"01316"
"A.05.06.020","Guavas","Côte d'Ivoire","CI",0.021,0.07,"01316"
"A.05.06.020","Guavas","Dominican Republic","DO",0.0184,0.07,"01316"
"A.05.06.020","Guavas","India","IN",0.0109,0.07,"01316"
"A.05.06.020","Guavas","Mexico","MX",0.0349,0.07,"01316"
"A.05.06.020","Guavas","Peru","PE",0.2366,0.07,"01316"
"A.05.06.020","Guavas","Senegal","SN",0.0143,0.07,"01316"
"A.05.06.021","Pineapples","Costa Rica","CR",0.7404,0.07,"01318"
"A.05.06.021","Pineapples","Ecuador","EC",0.0163,0.07,"01318"
"A.05.06.021","Pineapples","Indonesia","ID",0.1011,0.07,"01318"
"A.05.06.021","Pineapples","Kenya","KE",0.0258,0.07,"01318"
"A.05.06.021","Pineapples","Panama","PA",0.0314,0.07,"01318"
"A.05.06.021","Pineapples","Philippines","PH",0.0491,0.07,"01318"
"A.05.06.021","Pineapples","Thailand","TH",0.0359,0.07,"01318"
"A.05.06.022","Bread fruit (jackfruit) (Artocarpus altilis)","RoW","RoW",1,0.07,"01359.90"
"A.05.06.029","Pawpaw (Asimina)","Brazil","BR",0.8733,0.07,"01317"
"A.05.06.029","Pawpaw (Asimina)","Panama","PA",0.1267,0.07,"01317"
"A.05.06.030","Chayote (Sechium edule)","RoW","RoW",1,0.07,"01359.90"
"A.05.06.034","Longans","RoW","RoW",1,0.07,"01359.90"
"A.06.01.001","Bovine muscle","Brazil","BR",0.0123,0.057,"21111.02"
"A.06.01.001","Bovine muscle","Germany","DE",0.0221,0.057,"21111.02"
"A.06.01.001","Bovine muscle","Spain","ES",0.9021,0.057,"21111.02"
"A.06.01.001","Bovine muscle","Ireland","IE",0.0137,0.057,"21111.02"
"A.06.01.001","Bovine muscle","Netherlands (Kingdom of the)","NL",0.0162,0.057,"21111.02"
"A.06.01.001","Bovine muscle","Poland","PL",0.0336,0.057,"21111.02"
"A.06.01.002","Calf fresh meat","Brazil","BR",0.0123,0.057,"21111.02"
"A.06.01.002","Calf fresh meat","Germany","DE",0.0221,0.057,"21111.02"
"A.06.01.002","Calf fresh meat","Spain","ES",0.9021,0.057,"21111.02"
"A.06.01.002","Calf fresh meat","Ireland","IE",0.0137,0.057,"21111.02"
"A.06.01.002","Calf fresh meat","Netherlands (Kingdom of the)","NL",0.0162,0.057,"21111.02"
"A.06.01.002","Calf fresh meat","Poland","PL",0.0336,0.057,"21111.02"
"A.06.01.003","Pig muscle","Spain","ES",1,0.057,"21113.02"
"A.06.01.004","Sheep muscle","Spain","ES",0.9889,0.057,"21115"
"A.06.01.004","Sheep muscle","New Zealand","NZ",0.0111,0.057,"21115"
"A.06.01.005","Goat muscle","Spain","ES",0.9897,0.057,"21116"
"A.06.01.005","Goat muscle","Greece","GR",0.0103,0.057,"21116"
"A.06.01.006","Equine muscle","Spain","ES",1,0.057,"21118.01"
"A.06.01.007","Rabbit fresh meat","Spain","ES",0.9854,0.057,"21114"
"A.06.01.007","Rabbit fresh meat","France","FR",0.0146,0.057,"21114"
"A.06.02.001","Chicken meat (Gallus domesticus)","Brazil","BR",0.017,0.057,"21121"
"A.06.02.001","Chicken meat (Gallus domesticus)","Germany","DE",0.0157,0.057,"21121"
"A.06.02.001","Chicken meat (Gallus domesticus)","Spain","ES",0.9192,0.057,"21121"
"A.06.02.001","Chicken meat (Gallus domesticus)","France","FR",0.0122,0.057,"21121"
"A.06.02.001","Chicken meat (Gallus domesticus)","Netherlands (Kingdom of the)","NL",0.011,0.057,"21121"
"A.06.02.001","Chicken meat (Gallus domesticus)","Poland","PL",0.0249,0.057,"21121"
"A.06.02.002","Turkey fresh meat","Germany","DE",0.0195,0.057,"21124"
"A.06.02.002","Turkey fresh meat","Spain","ES",0.9084,0.057,"21124"
"A.06.02.002","Turkey fresh meat","Poland","PL",0.0721,0.057,"21124"
"A.06.02.003","Duck fresh meat","Bulgaria","BG",0.0801,0.057,"21122"
"A.06.02.003","Duck fresh meat","Germany","DE",0.0191,0.057,"21122"
"A.06.02.003","Duck fresh meat","Spain","ES",0.4623,0.057,"21122"
"A.06.02.003","Duck fresh meat","France","FR",0.1697,0.057,"21122"
"A.06.02.003","Duck fresh meat","Hungary","HU",0.0838,0.057,"21122"
"A.06.02.003","Duck fresh meat","Poland","PL",0.1567,0.057,"21122"
"A.06.02.003","Duck fresh meat","Portugal","PT",0.0282,0.057,"21122"
"A.06.02.004","Goose fresh meat","Austria","AT",0.0289,0.057,"21123"
"A.06.02.004","Goose fresh meat","Germany","DE",0.8896,0.057,"21123"
"A.06.02.004","Goose fresh meat","United Kingdom of Great Britain and Northern Ireland","GB",0.0815,0.057,"21123"
"A.06.02.005","Pigeon fresh meat","Democratic Republic of the Congo","CD",1,0.057,"21170.01"
"A.06.02.006","Guinea-fowl fresh meat","Brazil","BR",0.017,0.057,"21121"
"A.06.02.006","Guinea-fowl fresh meat","Germany","DE",0.0157,0.057,"21121"
"A.06.02.006","Guinea-fowl fresh meat","Spain","ES",0.9192,0.057,"21121"
"A.06.02.006","Guinea-fowl fresh meat","France","FR",0.0122,0.057,"21121"
"A.06.02.006","Guinea-fowl fresh meat","Netherlands (Kingdom of the)","NL",0.011,0.057,"21121"
"A.06.02.006","Guinea-fowl fresh meat","Poland","PL",0.0249,0.057,"21121"
"A.06.02.007","Ratites fresh meat","RoW","RoW",1,0.057,"21170.02"
"A.06.03.001","Wild boar fresh meat","RoW","RoW",1,0.057,"21170.02"
"A.06.03.002","Deer, red fresh meat","RoW","RoW",1,0.057,"21170.02"
"A.06.03.003","European moose meat","RoW","RoW",1,0.057,"21170.02"
"A.06.03.004","Reindeer meat","RoW","RoW",1,0.057,"21170.02"
"A.06.03.006","Hare fresh meat","Spain","ES",0.9854,0.057,"21114"
"A.06.03.006","Hare fresh meat","France","FR",0.0146,0.057,"21114"
"A.06.04.001","Pheasant fresh meat","RoW","RoW",1,0.057,"21170.02"
"A.06.04.003","Mallard fresh meat","RoW","RoW",1,0.057,"21170.02"
"A.06.04.004","Partridge fresh meat","RoW","RoW",1,0.057,"21170.02"
"A.06.04.005","Quail fresh meat","RoW","RoW",1,0.057,"21170.02"
"A.06.06.001","Bovine liver","Zambia","ZM",1,0.057,"21151"
"A.06.06.002","Veal liver","Zambia","ZM",1,0.057,"21151"
"A.06.06.003","Pig liver","RoW","RoW",1,0.057,"21153"
"A.06.06.005","Pig other slaughtering products","RoW","RoW",1,0.057,"21153"
"A.06.06.009","Bovine kidney","Zambia","ZM",1,0.057,"21151"
"A.06.06.010","Veal kidney","Zambia","ZM",1,0.057,"21151"
"A.06.06.011","Pig kidney","RoW","RoW",1,0.057,"21153"
"A.06.06.024","Chicken, other slaughtering products","Brazil","BR",0.017,0.057,"21160.01"
"A.06.06.024","Chicken, other slaughtering products","Germany","DE",0.0157,0.057,"21160.01"
"A.06.06.024","Chicken, other slaughtering products","Spain","ES",0.9192,0.057,"21160.01"
"A.06.06.024","Chicken, other slaughtering products","France","FR",0.0122,0.057,"21160.01"
"A.06.06.024","Chicken, other slaughtering products","Netherlands (Kingdom of the)","NL",0.011,0.057,"21160.01"
"A.06.06.024","Chicken, other slaughtering products","Poland","PL",0.0249,0.057,"21160.01"
"A.07.01.001","Herrings","Rest of World","RoW",1,0.02,"BF-01"
"A.07.01.002","Sprat","Rest of World","RoW",1,0.02,"BF-03"
"A.07.01.003","European sardine","Rest of World","RoW",1,0.02,"BF-04"
"A.07.01.004","Anchovies","Rest of World","RoW",1,0.02,"BF-05"
"A.07.01.007","Char","Rest of World","RoW",1,0.02,"BF-06"
"A.07.01.008","Smelt","Rest of World","RoW",1,0.02,"BF-07"
"A.07.01.009","Whitefishes or coregonus","Rest of World","RoW",1,0.02,"BF-08"
"A.07.01.010","Perch","Rest of World","RoW",1,0.02,"BF-09"
"A.07.01.011","Sea bass","Rest of World","RoW",1,0.02,"BF-10"
"A.07.01.013","Mackerel","Rest of World","RoW",1,0.02,"BF-11"
"A.07.01.014","Tuna and bonito (generic)","Rest of World","RoW",1,0.02,"BF-12"
"A.07.01.016","Mullets","Rest of World","RoW",1,0.02,"BF-13"
"A.07.01.018","Hakes","Rest of World","RoW",1,0.02,"BF-14"
"A.07.01.019","Flounders","Rest of World","RoW",1,0.02,"BF-15"
"A.07.01.020","Halibut","Rest of World","RoW",1,0.02,"BF-16"
"A.07.01.021","Plaice","Rest of World","RoW",1,0.02,"BF-17"
"A.07.01.022","Sole","Rest of World","RoW",1,0.02,"BF-18"
"A.07.01.024","Carps","Rest of World","RoW",1,0.02,"BF-19"
"A.07.01.026","Freshwater bream - Europe","Rest of World","RoW",1,0.02,"BF-20"
"A.07.01.027","River eels","Rest of World","RoW",1,0.02,"BF-21"
"A.07.01.029","Anglerfish and monkfish","Rest of World","RoW",1,0.02,"BF-22"
"A.07.01.030","Sharks","Rest of World","RoW",1,0.02,"BF-23"
"A.07.01.031","Rays","Rest of World","RoW",1,0.02,"BF-24"
"A.07.01.032","Sturgeon roe","Rest of World","RoW",1,0.02,"BF-25"
"A.07.01.033","Bonito","Rest of World","RoW",1,0.02,"BF-26"
"A.07.01.035","Sardines and sardine-type fishes","Rest of World","RoW",1,0.02,"BF-27"
"A.07.01.036","Swordfish","Rest of World","RoW",1,0.02,"BF-28"
"A.07.04.001","Freshwater crabs","Rest of World","RoW",1,0.02,"BF-29"
"A.07.04.002","Lobsters","Rest of World","RoW",1,0.02,"BF-30"
"A.07.04.003","Lobster, norway","Rest of World","RoW",1,0.02,"BF-31"
"A.07.04.004","Prawn, giant tiger","Rest of World","RoW",1,0.02,"BF-32"
"A.07.04.005","White shrimp","Rest of World","RoW",1,0.02,"BF-33"
"A.07.04.006","Spiny and rock lobsters","Rest of World","RoW",1,0.02,"BF-34"
"A.07.04.007","Freshwater crayfishes","Rest of World","RoW",1,0.02,"BF-35"
"A.07.05.001","Squids","Rest of World","RoW",1,0.02,"BF-36"
"A.07.05.002","Octopuses","Rest of World","RoW",1,0.02,"BF-37"
"A.07.05.003","Cuttlefishes","Rest of World","RoW",1,0.02,"BF-38"
"A.07.05.005","Clams","Rest of World","RoW",1,0.02,"BF-39"
"A.07.05.006","Cockles","Rest of World","RoW",1,0.02,"BF-40"
"A.07.05.007","Mussels","Rest of World","RoW",1,0.02,"BF-41"
"A.07.05.008","Oysters","Rest of World","RoW",1,0.02,"BF-42"
"A.07.05.010","Scallops, pectens","Rest of World","RoW",1,0.02,"BF-43"
"A.07.05.013","Whelk (Buccinum undatum, Fusus antiquus)","Rest of World","RoW",1,0.02,"BF-44"
"A.07.05.014","Winkle (Littorina littorea)","Rest of World","RoW",1,0.02,"BF-44"
"A.07.06.001","Frogs (legs)","Rest of World","RoW",1,0.02,"BF-45"
"A.07.06.004","Snails","Rest of World","RoW",1,0.02,"BF-46"
"A.08.01.001.001","Cow milk, > 4% fat (inc. Channel Island milk)","Belgium","BE",0.0137,0.017,"02211"
"A.08.01.001.001","Cow milk, > 4% fat (inc. Channel Island milk)","Germany","DE",0.0686,0.017,"02211"
"A.08.01.001.001","Cow milk, > 4% fat (inc. Channel Island milk)","Denmark","DK",0.0155,0.017,"02211"
"A.08.01.001.001","Cow milk, > 4% fat (inc. Channel Island milk)","Spain","ES",0.7113,0.017,"02211"
"A.08.01.001.001","Cow milk, > 4% fat (inc. Channel Island milk)","France","FR",0.0767,0.017,"02211"
"A.08.01.001.001","Cow milk, > 4% fat (inc. Channel Island milk)","Ireland","IE",0.0146,0.017,"02211"
"A.08.01.001.001","Cow milk, > 4% fat (inc. Channel Island milk)","Italy","IT",0.0207,0.017,"02211"
"A.08.01.001.001","Cow milk, > 4% fat (inc. Channel Island milk)","Netherlands (Kingdom of the)","NL",0.0478,0.017,"02211"
"A.08.01.001.001","Cow milk, > 4% fat (inc. Channel Island milk)","Poland","PL",0.0125,0.017,"02211"
"A.08.01.001.001","Cow milk, > 4% fat (inc. Channel Island milk)","Portugal","PT",0.0188,0.017,"02211"
"A.08.01.001.002","Cow milk","Belgium","BE",0.0137,0.017,"02211"
"A.08.01.001.002","Cow milk","Germany","DE",0.0686,0.017,"02211"
"A.08.01.001.002","Cow milk","Denmark","DK",0.0155,0.017,"02211"
"A.08.01.001.002","Cow milk","Spain","ES",0.7113,0.017,"02211"
"A.08.01.001.002","Cow milk","France","FR",0.0767,0.017,"02211"
"A.08.01.001.002","Cow milk","Ireland","IE",0.0146,0.017,"02211"
"A.08.01.001.002","Cow milk","Italy","IT",0.0207,0.017,"02211"
"A.08.01.001.002","Cow milk","Netherlands (Kingdom of the)","NL",0.0478,0.017,"02211"
"A.08.01.001.002","Cow milk","Poland","PL",0.0125,0.017,"02211"
"A.08.01.001.002","Cow milk","Portugal","PT",0.0188,0.017,"02211"
"A.08.01.002","Sheep milk","Spain","ES",1,0.017,"02291"
"A.08.01.003","Water buffalo milk","Indonesia","ID",0.0337,0.07,"02212"
"A.08.01.003","Water buffalo milk","Madagascar","MG",0.8585,0.07,"02212"
"A.08.01.003","Water buffalo milk","Papua New Guinea","PG",0.0417,0.07,"02212"
"A.08.01.003","Water buffalo milk","Uganda","UG",0.0661,0.07,"02212"
"A.08.01.005","Goat milk","Spain","ES",1,0.017,"02292"
"A.08.01.007","Ass milk","Belgium","BE",0.0137,0.017,"02211"
"A.08.01.007","Ass milk","Germany","DE",0.0686,0.017,"02211"
"A.08.01.007","Ass milk","Denmark","DK",0.0155,0.017,"02211"
"A.08.01.007","Ass milk","Spain","ES",0.7113,0.017,"02211"
"A.08.01.007","Ass milk","France","FR",0.0767,0.017,"02211"
"A.08.01.007","Ass milk","Ireland","IE",0.0146,0.017,"02211"
"A.08.01.007","Ass milk","Italy","IT",0.0207,0.017,"02211"
"A.08.01.007","Ass milk","Netherlands (Kingdom of the)","NL",0.0478,0.017,"02211"
"A.08.01.007","Ass milk","Poland","PL",0.0125,0.017,"02211"
"A.08.01.007","Ass milk","Portugal","PT",0.0188,0.017,"02211"
"A.08.01.009","Human milk","Rest of World","RoW",1,0,"MI-50"
"A.09.01.001","Hen eggs","Spain","ES",0.9851,0.017,"0231"
"A.09.01.001","Hen eggs","Portugal","PT",0.0149,0.017,"0231"
"A.09.01.005","Duck eggs","Brazil","BR",0.0716,0.017,"0232"
"A.09.01.005","Duck eggs","China, mainland","CN",0.7534,0.017,"0232"
"A.09.01.005","Duck eggs","United Kingdom of Great Britain and Northern Ireland","GB",0.175,0.017,"0232"
"A.09.01.006","Goose eggs","Brazil","BR",0.0716,0.017,"0232"
"A.09.01.006","Goose eggs","China, mainland","CN",0.7534,0.017,"0232"
"A.09.01.006","Goose eggs","United Kingdom of Great Britain and Northern Ireland","GB",0.175,0.017,"0232"
"A.09.01.007","Quail eggs","Brazil","BR",0.0716,0.017,"0232"
"A.09.01.007","Quail eggs","China, mainland","CN",0.7534,0.017,"0232"
"A.09.01.007","Quail eggs","United Kingdom of Great Britain and Northern Ireland","GB",0.175,0.017,"0232"
"A.10.02.001","Nutritive sweeteners (e.g., sorbitol, manitol)","Rest of World","RoW",1,0,"MI-44"
"A.10.02.001.007","Hydrogenated starch hydrolysates","Rest of World","RoW",1,0,"MI-28"
"A.10.02.002.001","Saccharine","Rest of World","RoW",1,0,"MI-45"
"A.10.02.002.002","Aspartam","Rest of World","RoW",1,0,"MI-02"
"A.10.02.002.003","Acesulfame K","Rest of World","RoW",1,0,"MI-03"
"A.10.02.002.004","Sucralose","Rest of World","RoW",1,0,"MI-04"
"A.10.02.002.005","Cyclamate","Rest of World","RoW",1,0,"MI-46"
"A.10.07","Honey","Argentina","AR",0.0776,0.06,"02910"
"A.10.07","Honey","China, mainland","CN",0.1469,0.06,"02910"
"A.10.07","Honey","Cuba","CU",0.0186,0.06,"02910"
"A.10.07","Honey","Germany","DE",0.0213,0.06,"02910"
"A.10.07","Honey","Spain","ES",0.5482,0.06,"02910"
"A.10.07","Honey","Italy","IT",0.0123,0.06,"02910"
"A.10.07","Honey","Mexico","MX",0.014,0.06,"02910"
"A.10.07","Honey","Poland","PL",0.0128,0.06,"02910"
"A.10.07","Honey","Portugal","PT",0.0506,0.06,"02910"
"A.10.07","Honey","Romania","RO",0.0112,0.06,"02910"
"A.10.07","Honey","Türkiye","TR",0.0232,0.06,"02910"
"A.10.07","Honey","Ukraine","UA",0.0633,0.06,"02910"
"A.11.01.004","Pig fat tissue","RoW","RoW",1,0.057,"21511.01"
"A.11.01.005","Chicken, fresh fat tissue","Brazil","BR",0.017,0.057,"21160.01"
"A.11.01.005","Chicken, fresh fat tissue","Germany","DE",0.0157,0.057,"21160.01"
"A.11.01.005","Chicken, fresh fat tissue","Spain","ES",0.9192,0.057,"21160.01"
"A.11.01.005","Chicken, fresh fat tissue","France","FR",0.0122,0.057,"21160.01"
"A.11.01.005","Chicken, fresh fat tissue","Netherlands (Kingdom of the)","NL",0.011,0.057,"21160.01"
"A.11.01.005","Chicken, fresh fat tissue","Poland","PL",0.0249,0.057,"21160.01"
"A.11.01.009","Beef tallow","RoW","RoW",1,0.057,"21523"
"A.15","Drinking water","Rest of World","RoW",1,0,"MI-05"
"A.15.01","Tap water","Rest of World","RoW",1,0,"MI-06"
"A.15.02","Well water","Rest of World","RoW",1,0,"MI-07"
"A.15.03","Bottled water","Rest of World","RoW",1,0,"MI-08"
"A.15.03.001","Bottled water","Rest of World","RoW",1,0,"MI-09"
"A.15.03.002","Bottled water","Rest of World","RoW",1,0,"MI-10"
"A.15.04","Drinking water","Rest of World","RoW",1,0,"MI-11"
"A.16.01.001","Chervil","RoW","RoW",1,0.07,"01654"
"A.16.01.002","Chives","RoW","RoW",1,0.07,"01699"
"A.16.01.003","Dill leaves","RoW","RoW",1,0.07,"01699"
"A.16.01.004","Celery leaves","RoW","RoW",1,0.07,"01699"
"A.16.01.005","Parsley","RoW","RoW",1,0.07,"01699"
"A.16.01.006","Sage","RoW","RoW",1,0.07,"01699"
"A.16.01.007","Rosemary","RoW","RoW",1,0.07,"01699"
"A.16.01.008","Thyme","RoW","RoW",1,0.07,"01699"
"A.16.01.009","Basil","RoW","RoW",1,0.07,"01699"
"A.16.01.010","Laurel","RoW","RoW",1,0.07,"01699"
"A.16.01.011","Tarragon","RoW","RoW",1,0.07,"01699"
"A.16.02.004","Allspice fruit","RoW","RoW",1,0.07,"01699"
"A.16.02.006","Anise seed","RoW","RoW",1,0.07,"01654"
"A.16.02.008","Black caraway seed","RoW","RoW",1,0.07,"01654"
"A.16.02.009","Capers buds","RoW","RoW",1,0.07,"01699"
"A.16.02.010","Caraway fruit","RoW","RoW",1,0.07,"01654"
"A.16.02.011","Cardamom fruit","RoW","RoW",1,0.07,"01699"
"A.16.02.014","Cinnamon (Cinnamonum verum syn. C. zeylanicum)","RoW","RoW",1,0.07,"01699"
"A.16.02.015","Cloves (Syzygium aromaticum)","RoW","RoW",1,0.07,"01699"
"A.16.02.016","Coriander seed","RoW","RoW",1,0.07,"01654"
"A.16.02.017","Cumin seed","RoW","RoW",1,0.07,"01654"
"A.16.02.018","Dill seed (Anethum graveolens)","RoW","RoW",1,0.07,"01654"
"A.16.02.019","Fennel seed","RoW","RoW",1,0.07,"01654"
"A.16.02.020","Fenugreek seed","RoW","RoW",1,0.07,"01699"
"A.16.02.022","Ginger (Zingiber officinale)","RoW","RoW",1,0.07,"01699"
"A.16.02.024","Juniper berry","RoW","RoW",1,0.07,"01699"
"A.16.02.025","Mace aril","RoW","RoW",1,0.07,"01699"
"A.16.02.027","Nutmeg (Myristica fragans)","RoW","RoW",1,0.07,"01699"
"A.16.02.028","Pepper, black and white (Piper nigrum)","RoW","RoW",1,0.07,"01699"
"A.16.02.029","Saffron","RoW","RoW",1,0.07,"01699"
"A.16.02.030","Tamarind","RoW","RoW",1,0.07,"01699"
"A.16.02.031","Turmeric roots","RoW","RoW",1,0.07,"01699"
"A.16.04.001","Salt","Rest of World","RoW",1,0,"MI-12"
"A.16.04.015","Yeast extract","Rest of World","RoW",1,0,"MI-13"
"A.16.04.016","Monosodium glutamate","Rest of World","RoW",1,0,"MI-14"
"A.16.09.003","Vanilla","RoW","RoW",1,0.07,"01699"
"A.16.09.006","Rum essence","Rest of World","RoW",1,0,"MI-29"
"A.16.09.008","Liquorice (Glycyrrhiza glabra)","Rest of World","RoW",1,0,"MI-15"
"A.16.10.001","Yeast","Rest of World","RoW",1,0,"MI-16"
"A.16.10.002","Sodium bicarbonate","Rest of World","RoW",1,0,"MI-17"
"A.16.10.006","Pectin","Rest of World","RoW",1,0,"MI-30"
"A.16.10.007","Gum","Rest of World","RoW",1,0,"MI-18"
"A.16.10.008","Gelatine","Rest of World","RoW",1,0,"MI-19"
"A.16.10.009","Cream of tartar","Rest of World","RoW",1,0,"MI-20"
"A.18.02","Dietary supplements","Rest of World","RoW",1,0,"MI-31"
"A.18.02.001","Vitamin supplements","Rest of World","RoW",1,0,"MI-32"
"A.18.02.002","Mineral supplements","Rest of World","RoW",1,0,"MI-33"
"A.18.02.003","Combination of vitamins and minerals supplements","Rest of World","RoW",1,0,"MI-34"
"A.18.02.004","Supplements containing special fatty acids (e.g. omega-3, essential fatty acids)","Rest of World","RoW",1,0,"MI-35"
"A.18.02.005","Protein and amino acids supplements","Rest of World","RoW",1,0,"MI-36"
"A.18.02.006","Fiber supplements","Rest of World","RoW",1,0,"MI-27"
"A.18.02.007","Plant extract formula","Rest of World","RoW",1,0,"MI-37"
"A.18.02.008","Coenzyme Q10 supplement","Rest of World","RoW",1,0,"MI-38"
"A.18.02.009","Enzyme-based supplement","Rest of World","RoW",1,0,"MI-39"
"A.18.02.010","Yeast based supplement","Rest of World","RoW",1,0,"MI-40"
"A.18.02.011","Algea","Rest of World","RoW",1,0.02,"BF-57"
"A.18.02.012","Pollen-based supplement","Rest of World","RoW",1,0,"MI-41"
"A.18.03.005","Carnitine-based supplement for sports people","Rest of World","RoW",1,0,"MI-42"
"A.18.05","Medical food (are specially formulated and intended for the dietary management of a disease that has distinctive nutritional needs that cannot be met by normal diet alone; intended to be used under medical supervision)","Rest of World","RoW",1,0,"MI-58"
"A.18.05.001","Nutritionally complete formulas","Rest of World","RoW",1,0,"MI-47"
"A.18.05.002","Nutritionally incomplete formulas","Rest of World","RoW",1,0,"MI-48"
"A.18.05.004","Oral rehydration products","Rest of World","RoW",1,0,"MI-49"
"A.X1.01.01","Cultured Meat (Bos. Spp.)","Israel","IL",0.25,0.057,"NF-01"
"A.X1.01.01","Cultured Meat (Bos. Spp.)","Netherlands","NL",0.25,0.057,"NF-01"
"A.X1.01.01","Cultured Meat (Bos. Spp.)","Sweden","SE",0.25,0.057,"NF-01"
"A.X1.01.01","Cultured Meat (Bos. Spp.)","USA","US",0.25,0.057,"NF-01"
"A.X1.01.02","Microbial Protein (Solein)","Finland","FI",0.5,0.057,"NF-04"
"A.X1.01.02","Microbial Protein (Solein)","Sweden","SE",0.5,0.057,"NF-04"
"A.X1.01.03","Mycoprotein (Quorn)","UK","GB",0.5,0.057,"NF-05"
"A.X1.01.03","Mycoprotein (Quorn)","Sweden","SE",0.5,0.057,"NF-05"
"A.X1.02.01","Microbial Milk (T. reesei)","Switzerland","CH",0.2,0.017,"NF-02"
"A.X1.02.01","Microbial Milk (T. reesei)","Germany","DE",0.2,0.017,"NF-02"
"A.X1.02.01","Microbial Milk (T. reesei)","Denmark","DK",0.2,0.017,"NF-02"
"A.X1.02.01","Microbial Milk (T. reesei)","Sweden","SE",0.2,0.017,"NF-02"
"A.X1.02.01","Microbial Milk (T. reesei)","USA","US",0.2,0.017,"NF-02"
"A.X1.03.01","Microbial Ovalbumin (T. reesei)","Switzerland","CH",0.2,0.017,"NF-03"
"A.X1.03.01","Microbial Ovalbumin (T. reesei)","Germany","DE",0.2,0.017,"NF-03"
"A.X1.03.01","Microbial Ovalbumin (T. reesei)","Denmark","DK",0.2,0.017,"NF-03"
"A.X1.03.01","Microbial Ovalbumin (T. reesei)","Sweden","SE",0.2,0.017,"NF-03"
"A.X1.03.01","Microbial Ovalbumin (T. reesei)","USA","US",0.2,0.017,"NF-03"
"A.X1.04.01","Microbial Fat (yeast - M. pulcherrima)","Israel","IL",0.25,0.06,"NF-06"
"A.X1.04.01","Microbial Fat (yeast - M. pulcherrima)","Netherlands","NL",0.25,0.06,"NF-06"
"A.X1.04.01","Microbial Fat (yeast - M. pulcherrima)","Sweden","SE",0.25,0.06,"NF-06"
"A.X1.04.01","Microbial Fat (yeast - M. pulcherrima)","USA","US",0.25,0.06,"NF-06"
"A.X1.04.02","Algae Fat (Schizochytrium)","Switzerland","CH",0.2,0.06,"NF-07"
"A.X1.04.02","Algae Fat (Schizochytrium)","Germany","DE",0.2,0.06,"NF-07"
"A.X1.04.02","Algae Fat (Schizochytrium)","Denmark","DK",0.2,0.06,"NF-07"
"A.X1.04.02","Algae Fat (Schizochytrium)","Sweden","SE",0.2,0.06,"NF-07"
"A.X1.04.02","Algae Fat (Schizochytrium)","USA","US",0.2,0.06,"NF-07"
"I.01.02.010.006","Quinoa grain","Bolivia (Plurinational State of)","BO",0.3772,0.06,"01194"
"I.01.02.010.006","Quinoa grain","Peru","PE",0.6228,0.06,"01194"
"I.02.08.004","Agave tequilana","Rest of World","RoW",1,0,"MI-21"
"I.02.08.005","Maples (trunk sap)","Rest of World","RoW",1,0,"MI-22"
"I.07.01.006.001","Salmons","Rest of World","RoW",1,0.02,"BF-47"
"I.07.01.006.002","Trouts","Rest of World","RoW",1,0.02,"BF-48"
"I.07.01.015.001","Catfishes (freshwater)","Rest of World","RoW",1,0.02,"BF-49"
"I.07.01.015.002","Wolffish","Rest of World","RoW",1,0.02,"BF-50"
"I.07.01.017.001","Cod","Rest of World","RoW",1,0.02,"BF-51"
"I.07.01.017.002","Whiting","Rest of World","RoW",1,0.02,"BF-54"
"I.07.01.017.004","Haddock","Rest of World","RoW",1,0.02,"BF-55"
"I.07.03.001.001","Cod roe","Rest of World","RoW",1,0.02,"BF-53"
"I.07.03.001.002","Herring roe","Rest of World","RoW",1,0.02,"BF-02"
"I.07.03.001.003","Lumpfish roe","Rest of World","RoW",1,0.02,"BF-56"
"I.07.03.002.001","Cod liver","Rest of World","RoW",1,0.02,"BF-52"
"I.16.01.012","Marjoram","RoW","RoW",1,0.07,"01699"
"I.16.01.013","Oregano","RoW","RoW",1,0.07,"01699"
"I.16.01.014","Mints","RoW","RoW",1,0.07,"01699"
"I.16.01.015","Coriander leaves","RoW","RoW",1,0.07,"01699"
"I.16.01.016","Lovage leaves","RoW","RoW",1,0.07,"01699"
"I.16.01.017","Winter savory","RoW","RoW",1,0.07,"01699"
"I.16.09.009","Citric acid","Rest of World","RoW",1,0,"MI-23"
"I.16.09.010","Quinine essence","Rest of World","RoW",1,0,"MI-43"
"I.16.09.011","Caffeine","Rest of World","RoW",1,0,"MI-24"
"I.16.09.012","Caramel color","Rest of World","RoW",1,0,"MI-25"
"I.16.09.013","Phosphoric acid","Rest of World","RoW",1,0,"MI-26"
