"Importing, code","Importing, name","Exported from, code","Exported from, name","Carbon dioxide","Methane, fossil","Nitrous oxide"
"DE","Germany","AL","Albania",0.1512325105,0.0001337580462,9.5015757e-06
"DE","Germany","AR","Argentina",0.19738859973,0.00017642792332,1.0779922629e-05
"DE","Germany","AT","Austria",0.0552753945,4.89239646e-05,3.4696173e-06
"DE","Germany","AU","Australia",0.25413842941,0.00022740597004,1.3539986493e-05
"DE","Germany","BA","Bosnia and Herzegovina",0.107079938,9.47234952e-05,6.7261017e-06
"DE","Germany","BE","Belgium",0.0609395505,5.39315502e-05,3.8256717e-06
"DE","Germany","BF","Burkina Faso",0.23596877175,0.000209367773,1.3911629775e-05
"DE","Germany","BG","Bulgaria",0.1428420035,0.0001262842266,8.9791884e-06
"DE","Germany","BO","Bolivia",0.21312013037,0.00018980751868,1.1690905701e-05
"DE","Germany","BR","Brazil",0.22115450331,0.00020036784564,1.2284451063e-05
"DE","Germany","BY","Belarus",0.1049797115,9.28108074e-05,6.5991276e-06
"DE","Germany","BZ","Belize",0.1424146917,0.0001269138782,7.71724356e-06
"DE","Germany","CA","Canada",0.13940583626,0.00012883522244,7.526549448e-06
"DE","Germany","CI","Cote d'Ivoire",0.15005496075,0.0001334128094,8.511003375e-06
"DE","Germany","CL","Chile",0.21841779192,0.00019525834108,1.1809001466e-05
"DE","Germany","CM","Cameroon",0.16685238785,0.0001484539278,9.332997705e-06
"DE","Germany","CN","China",0.29414607049,0.00027012625236,1.5253307577e-05
"DE","Germany","CO","Colombia",0.18487918276,0.00016522646844,1.0167765198e-05
"DE","Germany","CR","Costa Rica",0.14126195731,0.00012588167164,7.660833663e-06
"DE","Germany","CY","Cyprus",0.11521318321,0.00010253627524,6.419997033e-06
"DE","Germany","CZ","Czech Republic",0.030621277,2.71276716e-05,1.9198353e-06
"DE","Germany","DE","Germany",0.006521464,5.906636e-06,4.002216e-07
"DE","Germany","DK","Denmark",0.061114505,5.40480216e-05,3.8381487e-06
"DE","Germany","DZ","Algeria",0.11669905166,0.00010354453404,6.878707668e-06
"DE","Germany","EC","Ecuador",0.15511017959,0.00013828194876,8.338506507e-06
"DE","Germany","EE","Estonia",0.1196329495,0.0001057831998,7.5166755e-06
"DE","Germany","EG","Egypt",0.14098997462,0.00012529564188,8.067401676e-06
"DE","Germany","ES","Spain",0.1791452815,0.0001584655382,1.12553652e-05
"DE","Germany","ET","Ethiopia",0.23187847139,0.00020594577456,1.3416464997e-05
"DE","Germany","FI","Finland",0.1644722446,0.0001454931438,1.033325853e-05
"DE","Germany","FR","France",0.084713646,7.49801084e-05,5.3193e-06
"DE","Germany","GB","UK",0.0884014681,7.82402424e-05,5.55137493e-06
"DE","Germany","GE","Georgia",0.19759108322,0.00017545941628,1.1473773456e-05
"DE","Germany","GH","Ghana",0.15492834306,0.00013777663964,8.749485888e-06
"DE","Germany","GN","Guinea",0.13753764636,0.00012220428284,7.898459478e-06
"DE","Germany","GR","Greece",0.195300218,0.0001726616568,1.22767632e-05
"DE","Germany","GT","Guatemala",0.15683971457,0.00013983064668,8.423142561e-06
"DE","Germany","HR","Croatia",0.08237445,7.28817864e-05,5.1730905e-06
"DE","Germany","HU","Hungary",0.069546715,6.15410004e-05,4.3667265e-06
"DE","Germany","ID","Indonesia",0.23667402038,0.00021098782092,1.2734219124e-05
"DE","Germany","IE","Ireland",0.06724059435,5.95796138e-05,4.072423455e-06
"DE","Germany","IL","Israel",0.18997614045,0.0001686406782,1.1101130685e-05
"DE","Germany","IN","India",0.1890264885,0.0001736580054,9.9388182e-06
"DE","Germany","IR","Iran",0.24127922542,0.00021457960508,1.3611684516e-05
"DE","Germany","IT","Italy",0.1180054525,0.0001044128378,7.4120556e-06
"DE","Germany","KE","Kenya",0.19690794586,0.00017536693084,1.0803788328e-05
"DE","Germany","KG","Kyrgyzstan",0.43936333085,0.0003893365854,2.6511986205e-05
"DE","Germany","KM","Comoros",0.20379320852,0.00018154496748,1.1125172646e-05
"DE","Germany","KZ","Kazakhstan",0.20906863485,0.0001857368958,1.2035435805e-05
"DE","Germany","LK","Sri Lanka",0.19668929734,0.00018051960476,1.0313803332e-05
"DE","Germany","LT","Lithuania",0.0850792155,7.52348214e-05,5.3445939e-06
"DE","Germany","LV","Latvia",0.0968289145,8.56225338e-05,6.0831915e-06
"DE","Germany","MA","Morocco",0.10806601588,9.581415292e-05,6.456243774e-06
"DE","Germany","MD","Republic of Moldova",0.1341551775,0.000118604349,8.433126e-06
"DE","Germany","MG","Madagascar",0.20836681335,0.0001856276798,1.1364536355e-05
"DE","Germany","ML","Mali",0.22643137944,0.00020070417176,1.3596222012e-05
"DE","Germany","MT","Malta",0.09822669958,8.732586772e-05,5.588751084e-06
"DE","Germany","MX","Mexico",0.24131334203,0.00021841891252,1.3270938519e-05
"DE","Germany","MY","Malaysia",0.20903953562,0.00018729851588,1.1040050976e-05
"DE","Germany","NG","Nigeria",0.15886039143,0.00014129756012,8.941903539e-06
"DE","Germany","NI","Nicaragua",0.15227760618,0.00013574554412,8.199892464e-06
"DE","Germany","NL","Netherlands",0.0597989735,5.28849822e-05,3.7554531e-06
"DE","Germany","NP","Nepal",0.29040244316,0.00026347257484,1.6078740918e-05
"DE","Germany","NZ","New Zealand",0.3221688278,0.0002883232326,1.686910359e-05
"DE","Germany","PA","Panama",0.14043109094,0.00012513767916,7.620174612e-06
"DE","Germany","PE","Peru",0.19390853419,0.00017331172716,1.0609623087e-05
"DE","Germany","PF","French Polynesia",0.25319532671,0.00022578168924,1.3542701283e-05
"DE","Germany","PH","Philippines",0.25706631454,0.00022924793356,1.3732130892e-05
"DE","Germany","PK","Pakistan",0.2402292538,0.0002136394166,1.356030339e-05
"DE","Germany","PL","Poland",0.0492728875,4.37024546e-05,3.087618e-06
"DE","Germany","PT","Portugal",0.2132136015,0.0001885847702,1.33969332e-05
"DE","Germany","PY","Paraguay",0.19214557964,0.00017173310396,1.0523351622e-05
"DE","Germany","RO","Romania",0.1476484955,0.0001305335658,9.2813292e-06
"DE","Germany","RS","Serbia",0.1137156745,0.0001005341262,7.1482788e-06
"DE","Germany","RU","Russia",0.2645078295,0.0002417662986,1.60349877e-05
"DE","Germany","SA","Saudi Arabia",0.24659707838,0.00021934143292,1.3871917524e-05
"DE","Germany","SE","Sweden",0.1111667891,9.8366682e-05,6.98242533e-06
"DE","Germany","SI","Slovenia",0.0831584085,7.3574871e-05,5.2223709e-06
"DE","Germany","SK","Slovakia",0.054929202,4.86179016e-05,3.4478553e-06
"DE","Germany","SN","Senegal",0.12965159094,0.00011514277916,7.512549612e-06
"DE","Germany","SR","Suriname",0.12562583619,0.00011188043516,6.895668687e-06
"DE","Germany","SY","Syria",0.19039605205,0.0001690166846,1.1121679365e-05
"DE","Germany","TG","Togo",0.15656590199,0.00013924297836,8.829621027e-06
"DE","Germany","TH","Thailand",0.24155141992,0.00021543389308,1.2876481866e-05
"DE","Germany","TN","Tunisia",0.12223032758,0.00010849746972,7.149384684e-06
"DE","Germany","TR","Turkey",0.1847499085,0.0001633343046,1.16135604e-05
"DE","Germany","TZ","Tanzania",0.20085280346,0.00017889932124,1.0996832808e-05
"DE","Germany","UA","Ukraine",0.130668684,0.0001155219984,8.2139616e-06
"DE","Germany","US","USA",0.14342205957,0.00013243151668,7.723086261e-06
"DE","Germany","VN","Vietnam",0.23757949921,0.00021187726924,1.2682113033e-05
"DE","Germany","ZA","South Africa",0.20876938915,0.000185988163,1.1384236695e-05
"DE","Germany","RoW","Rest of World",0.20876938915,0.000185988163,1.1384236695e-05
"ES","Spain","AL","Albania",0.222676964,0.0001969208928,1.39926441e-05
"ES","Spain","AR","Argentina",0.27317199923,0.00024342675952,1.5543741429e-05
"ES","Spain","AT","Austria",0.183187195,0.0001620086484,1.15102785e-05
"ES","Spain","AU","Australia",0.32992182891,0.00029440480624,1.8303805293e-05
"ES","Spain","BA","Bosnia and Herzegovina",0.1978464,0.0001749686064,1.24317705e-05
"ES","Spain","BE","Belgium",0.122200733,0.0001080915372,7.6766097e-06
"ES","Spain","BF","Burkina Faso",0.31175217125,0.0002763666092,1.8675448575e-05
"ES","Spain","BG","Bulgaria",0.243006289,0.0002148377964,1.52756136e-05
"ES","Spain","BO","Bolivia",0.28890352987,0.00025680635488,1.6454724501e-05
"ES","Spain","BR","Brazil",0.29693790281,0.00026736668184,1.7048269863e-05
"ES","Spain","BY","Belarus",0.2750756265,0.0002431897614,1.72915236e-05
"ES","Spain","BZ","Belize",0.2181980912,0.0001939127144,1.248106236e-05
"ES","Spain","CA","Canada",0.21518923576,0.00019583405864,1.2290368248e-05
"ES","Spain","CI","Cote d'Ivoire",0.22583836025,0.0002004116456,1.3274822175e-05
"ES","Spain","CL","Chile",0.29420119142,0.00026225717728,1.6572820266e-05
"ES","Spain","CM","Cameroon",0.24263578735,0.000215452764,1.4096816505e-05
"ES","Spain","CN","China",0.36992946999,0.00033712508856,2.0017126377e-05
"ES","Spain","CO","Colombia",0.26066258226,0.00023222530464,1.4931583998e-05
"ES","Spain","CR","Costa Rica",0.21704535681,0.00019288050784,1.2424652463e-05
"ES","Spain","CY","Cyprus",0.19099658271,0.00016953511144,1.1183815833e-05
"ES","Spain","CZ","Czech Republic",0.1770458145,0.0001565791566,1.11242253e-05
"ES","Spain","DE","Germany",0.1797524685,0.0001590572702,1.12896924e-05
"ES","Spain","DK","Denmark",0.200468526,0.0001772485812,1.25980791e-05
"ES","Spain","DZ","Algeria",0.19248245116,0.00017054337024,1.1642526468e-05
"ES","Spain","EC","Ecuador",0.23089357909,0.00020528078496,1.3102325307e-05
"ES","Spain","EE","Estonia",0.28972812,0.0002561614956,1.82090247e-05
"ES","Spain","EG","Egypt",0.21677337412,0.00019229447808,1.2831220476e-05
"ES","Spain","ES","Spain",0.202206169,0.0001788532832,1.27049952e-05
"ES","Spain","ET","Ethiopia",0.30766187089,0.00027294461076,1.8180283797e-05
"ES","Spain","FI","Finland",0.3345681596,0.0002958720978,2.102565453e-05
"ES","Spain","FR","France",0.1012303785,8.95822754e-05,6.357558e-06
"ES","Spain","GB","UK",0.1350406706,0.0001194731814,8.48316093e-06
"ES","Spain","GE","Georgia",0.27337448272,0.00024245825248,1.6237592256e-05
"ES","Spain","GH","Ghana",0.23071174256,0.00020477547584,1.3513304688e-05
"ES","Spain","GN","Guinea",0.21332104586,0.00018920311904,1.2662278278e-05
"ES","Spain","GR","Greece",0.295350595,0.000261114522,1.8566028e-05
"ES","Spain","GT","Guatemala",0.23262311407,0.00020682948288,1.3186961361e-05
"ES","Spain","HR","Croatia",0.1680582105,0.0001486333662,1.05592557e-05
"ES","Spain","HU","Hungary",0.1926386225,0.0001703644974,1.21044045e-05
"ES","Spain","ID","Indonesia",0.31245741988,0.00027798665712,1.7498037924e-05
"ES","Spain","IE","Ireland",0.14302399385,0.00012657845,8.836242255e-06
"ES","Spain","IL","Israel",0.26575953995,0.0002356395144,1.5864949485e-05
"ES","Spain","IN","India",0.264809888,0.0002406568416,1.4702637e-05
"ES","Spain","IR","Iran",0.31706262492,0.00028157844128,1.8375503316e-05
"ES","Spain","IT","Italy",0.152026869,0.0001344906032,9.5506752e-06
"ES","Spain","KE","Kenya",0.27269134536,0.00024236576704,1.5567607128e-05
"ES","Spain","KG","Kyrgyzstan",0.51514673035,0.0004563354216,3.1275805005e-05
"ES","Spain","KM","Comoros",0.27957660802,0.00024854380368,1.5888991446e-05
"ES","Spain","KZ","Kazakhstan",0.28485203435,0.000252735732,1.6799254605e-05
"ES","Spain","LK","Sri Lanka",0.27247269684,0.00024751844096,1.5077622132e-05
"ES","Spain","LT","Lithuania",0.2551751305,0.0002256137754,1.60369899e-05
"ES","Spain","LV","Latvia",0.266924085,0.0002360008296,1.67755407e-05
"ES","Spain","MA","Morocco",0.081593098,7.21385394e-05,5.12479755e-06
"ES","Spain","MD","Republic of Moldova",0.214477049,0.0001896155724,1.34822376e-05
"ES","Spain","MG","Madagascar",0.28415021285,0.000252626516,1.6128355155e-05
"ES","Spain","ML","Mali",0.30221477894,0.00026770300796,1.8360040812e-05
"ES","Spain","MT","Malta",0.17401009908,0.00015432470392,1.0352569884e-05
"ES","Spain","MX","Mexico",0.31709674153,0.00028541774872,1.8034757319e-05
"ES","Spain","MY","Malaysia",0.28482293512,0.00025429735208,1.5803869776e-05
"ES","Spain","NG","Nigeria",0.23464379093,0.00020829639632,1.3705722339e-05
"ES","Spain","NI","Nicaragua",0.22806100568,0.00020274438032,1.2963711264e-05
"ES","Spain","NL","Netherlands",0.1366045715,0.000120787527,8.5835283e-06
"ES","Spain","NP","Nepal",0.36618584266,0.00033047141104,2.0842559718e-05
"ES","Spain","NZ","New Zealand",0.3979522273,0.0003553220688,2.163292239e-05
"ES","Spain","PA","Panama",0.21621449044,0.00019213651536,1.2383993412e-05
"ES","Spain","PE","Peru",0.26969193369,0.00024031056336,1.5373441887e-05
"ES","Spain","PF","French Polynesia",0.32897872621,0.00029278052544,1.8306520083e-05
"ES","Spain","PH","Philippines",0.33284971404,0.00029624676976,1.8495949692e-05
"ES","Spain","PK","Pakistan",0.3160126533,0.0002806382528,1.832412219e-05
"ES","Spain","PL","Poland",0.2193688025,0.0001940814086,1.3780014e-05
"ES","Spain","PT","Portugal",0.052643564,4.66274852e-05,3.3033432e-06
"ES","Spain","PY","Paraguay",0.26792897914,0.00023873194016,1.5287170422e-05
"ES","Spain","RO","Romania",0.2704671715,0.0002391155034,1.70018316e-05
"ES","Spain","RS","Serbia",0.2138732595,0.0001890817722,1.34442828e-05
"ES","Spain","RU","Russia",0.2449307435,0.0002251960036,1.390022265e-05
"ES","Spain","SA","Saudi Arabia",0.32238047788,0.00028634026912,1.8635736324e-05
"ES","Spain","SE","Sweden",0.2505208101,0.0002215672416,1.574235573e-05
"ES","Spain","SI","Slovenia",0.158198797,0.0001399168236,9.9394833e-06
"ES","Spain","SK","Slovakia",0.1896055295,0.0001676829906,1.19137413e-05
"ES","Spain","SN","Senegal",0.20543499044,0.00018214161536,1.2276368412e-05
"ES","Spain","SR","Suriname",0.20140923569,0.00017887927136,1.1659487487e-05
"ES","Spain","SY","Syria",0.26617945155,0.0002360155208,1.5885498165e-05
"ES","Spain","TG","Togo",0.23234930149,0.00020624181456,1.3593439827e-05
"ES","Spain","TH","Thailand",0.31733481942,0.00028243272928,1.7640300666e-05
"ES","Spain","TN","Tunisia",0.19801372708,0.00017549630592,1.1913203484e-05
"ES","Spain","TR","Turkey",0.20561648007,0.00018242674688,1.2134923161e-05
"ES","Spain","TZ","Tanzania",0.27663620296,0.00024589815744,1.5760651608e-05
"ES","Spain","UA","Ukraine",0.296442032,0.0002620794432,1.86346368e-05
"ES","Spain","US","USA",0.21920545907,0.00019943035288,1.2486905061e-05
"ES","Spain","VN","Vietnam",0.31336289871,0.00027887610544,1.7445931833e-05
"ES","Spain","ZA","South Africa",0.28455278865,0.0002529869992,1.6148055495e-05
"ES","Spain","RoW","Rest of World",0.20876938915,0.000185988163,1.1384236695e-05
"FR","France","AL","Albania",0.1688399355,0.0001493244762,1.06083957e-05
"FR","France","AR","Argentina",0.29447884473,0.00026226378532,1.6883110629e-05
"FR","France","AT","Austria",0.096588444,8.54481408e-05,6.0665961e-06
"FR","France","AU","Australia",0.35122867441,0.00031324183204,1.9643174493e-05
"FR","France","BA","Bosnia and Herzegovina",0.1378583125,0.0001219341414,8.6608605e-06
"FR","France","BE","Belgium",0.027824935,2.46554724e-05,1.7440545e-06
"FR","France","BF","Burkina Faso",0.33305901675,0.000295203635,2.0014817775e-05
"FR","France","BG","Bulgaria",0.183015968,0.0001618013568,1.15045632e-05
"FR","France","BO","Bolivia",0.31021037537,0.00027564338068,1.7794093701e-05
"FR","France","BR","Brazil",0.31824474831,0.00028620370764,1.8387639063e-05
"FR","France","BY","Belarus",0.1806998285,0.0001597536966,1.13589684e-05
"FR","France","BZ","Belize",0.2395049367,0.0002127497402,1.382043156e-05
"FR","France","CA","Canada",0.23649608126,0.00021467108444,1.3629737448e-05
"FR","France","CI","Cote d'Ivoire",0.24714520575,0.0002192486714,1.4614191375e-05
"FR","France","CL","Chile",0.31550803692,0.00028109420308,1.7912189466e-05
"FR","France","CM","Cameroon",0.26394263285,0.0002342897898,1.5436185705e-05
"FR","France","CN","China",0.39123631549,0.00035596211436,2.1356495577e-05
"FR","France","CO","Colombia",0.28196942776,0.00025106233044,1.6270953198e-05
"FR","France","CR","Costa Rica",0.23835220231,0.00021171753364,1.3764021663e-05
"FR","France","CY","Cyprus",0.21230342821,0.00018837213724,1.2523185033e-05
"FR","France","CZ","Czech Republic",0.081342573,7.19695212e-05,5.1082257e-06
"FR","France","DE","Germany",0.0850178215,7.5303953e-05,5.3345796e-06
"FR","France","DK","Denmark",0.1057331345,9.34946058e-05,6.6429195e-06
"FR","France","DZ","Algeria",0.21378929666,0.00018938039604,1.2981895668e-05
"FR","France","EC","Ecuador",0.25220042459,0.00022411781076,1.4441694507e-05
"FR","France","EE","Estonia",0.195352322,0.0001727254308,1.22764695e-05
"FR","France","EG","Egypt",0.23808021962,0.00021113150388,1.4170589676e-05
"FR","France","ES","Spain",0.1010248965,8.94006122e-05,6.3446412e-06
"FR","France","ET","Ethiopia",0.32896871639,0.00029178163656,1.9519652997e-05
"FR","France","FI","Finland",0.2401923616,0.000212436033,1.509309933e-05
"FR","France","FR","France",0.006115292,5.492618e-06,3.785304e-07
"FR","France","GB","UK",0.0413818261,3.66709632e-05,2.59567413e-06
"FR","France","GE","Georgia",0.29468132822,0.00026129527828,1.7576961456e-05
"FR","France","GH","Ghana",0.25201858806,0.00022361250164,1.4852673888e-05
"FR","France","GN","Guinea",0.23462789136,0.00020804014484,1.4001647478e-05
"FR","France","GR","Greece",0.235476416,0.0002081807616,1.48022784e-05
"FR","France","GT","Guatemala",0.25392995957,0.00022566650868,1.4526330561e-05
"FR","France","HR","Croatia",0.108086502,9.56133816e-05,6.7893753e-06
"FR","France","HU","Hungary",0.115108626,0.000101821524,7.2307929e-06
"FR","France","ID","Indonesia",0.33376426538,0.00029682368292,1.8837407124e-05
"FR","France","IE","Ireland",0.16433083935,0.0001454154758,1.0175611455e-05
"FR","France","IL","Israel",0.28706638545,0.0002544765402,1.7204318685e-05
"FR","France","IN","India",0.2861167335,0.0002594938674,1.60420062e-05
"FR","France","IR","Iran",0.33836947042,0.00030041546708,1.9714872516e-05
"FR","France","IT","Italy",0.111932566,9.90439004e-05,7.030308e-06
"FR","France","KE","Kenya",0.29399819086,0.00026120279284,1.6906976328e-05
"FR","France","KG","Kyrgyzstan",0.53645357585,0.0004751724474,3.2615174205e-05
"FR","France","KM","Comoros",0.30088345352,0.00026738082948,1.7228360646e-05
"FR","France","KZ","Kazakhstan",0.30615887985,0.0002715727578,1.8138623805e-05
"FR","France","LK","Sri Lanka",0.29377954234,0.00026635546676,1.6416991332e-05
"FR","France","LT","Lithuania",0.160439739,0.0001418598,1.00818303e-05
"FR","France","LV","Latvia",0.172189438,0.0001522475124,1.08204279e-05
"FR","France","MA","Morocco",0.20515626088,0.00018165001492,1.2559431774e-05
"FR","France","MD","Republic of Moldova",0.204225284,0.0001805521584,1.28378016e-05
"FR","France","MG","Madagascar",0.30545705835,0.0002714635418,1.7467724355e-05
"FR","France","ML","Mali",0.32352162444,0.00028654003376,1.9699410012e-05
"FR","France","MT","Malta",0.19531694458,0.00017316172972,1.1691939084e-05
"FR","France","MX","Mexico",0.33840358703,0.00030425477452,1.9374126519e-05
"FR","France","MY","Malaysia",0.30612978062,0.00027313437788,1.7143238976e-05
"FR","France","NG","Nigeria",0.25595063643,0.00022713342212,1.5045091539e-05
"FR","France","NI","Nicaragua",0.24936785118,0.00022158140612,1.4303080464e-05
"FR","France","NL","Netherlands",0.04186918,3.70335516e-05,2.6283687e-06
"FR","France","NP","Nepal",0.38749268816,0.00034930843684,2.2181928918e-05
"FR","France","NZ","New Zealand",0.4192590728,0.0003741590946,2.297229159e-05
"FR","France","PA","Panama",0.23752133594,0.00021097354116,1.3723362612e-05
"FR","France","PE","Peru",0.29099877919,0.00025914758916,1.6712811087e-05
"FR","France","PF","French Polynesia",0.35028557171,0.00031161755124,1.9645889283e-05
"FR","France","PH","Philippines",0.35415655954,0.00031508379556,1.9835318892e-05
"FR","France","PK","Pakistan",0.3373194988,0.0002994752786,1.966349139e-05
"FR","France","PL","Poland",0.1249930045,0.0001106453438,7.8474588e-06
"FR","France","PT","Portugal",0.1353210335,0.0001197212534,8.50053e-06
"FR","France","PY","Paraguay",0.28923582464,0.00025756896596,1.6626539622e-05
"FR","France","RO","Romania",0.1932074285,0.0001708114566,1.21452084e-05
"FR","France","RS","Serbia",0.1538829385,0.0001360453326,9.6732324e-06
"FR","France","RU","Russia",0.2645078295,0.0002417662986,1.60349877e-05
"FR","France","SA","Saudi Arabia",0.34368732338,0.00030517729492,1.9975105524e-05
"FR","France","SE","Sweden",0.1561457566,0.000138131835,9.80984733e-06
"FR","France","SI","Slovenia",0.0976984935,8.6429517e-05,6.1363749e-06
"FR","France","SK","Slovakia",0.103009012,9.11244576e-05,6.4701993e-06
"FR","France","SN","Senegal",0.22674183594,0.00020097864116,1.3615737612e-05
"FR","France","SR","Suriname",0.22271608119,0.00019771629716,1.2998856687e-05
"FR","France","SY","Syria",0.28748629705,0.0002548525466,1.7224867365e-05
"FR","France","TG","Togo",0.25365614699,0.00022507884036,1.4932809027e-05
"FR","France","TH","Thailand",0.33864166492,0.00030126975508,1.8979669866e-05
"FR","France","TN","Tunisia",0.21932057258,0.00019433333172,1.3252572684e-05
"FR","France","TR","Turkey",0.2247370035,0.0001986862266,1.41271884e-05
"FR","France","TZ","Tanzania",0.29794304846,0.00026473518324,1.7100020808e-05
"FR","France","UA","Ukraine",0.2007358125,0.000177467175,1.261845e-05
"FR","France","US","USA",0.24051230457,0.00021826737868,1.3826274261e-05
"FR","France","VN","Vietnam",0.33466974421,0.00029771313124,1.8785301033e-05
"FR","France","ZA","South Africa",0.30585963415,0.000271824025,1.7487424695e-05
"FR","France","RoW","Rest of World",0.20876938915,0.000185988163,1.1384236695e-05
"GR","Greece","AL","Albania",0.058764866,5.2008948e-05,3.6889689e-06
"GR","Greece","AR","Argentina",0.17896818073,0.00016014273892,9.621997029e-06
"GR","Greece","AT","Austria",0.1315092165,0.0001163210118,8.2617501e-06
"GR","Greece","AU","Australia",0.23571801041,0.00021112078564,1.2382060893e-05
"GR","Greece","BA","Bosnia and Herzegovina",0.085535597,7.56765036e-05,5.3718033e-06
"GR","Greece","BE","Belgium",0.214054165,0.0001892976204,1.34506065e-05
"GR","Greece","BF","Burkina Faso",0.21754835275,0.0001930825886,1.2753704175e-05
"GR","Greece","BG","Bulgaria",0.0802295535,7.09296066e-05,5.0433084e-06
"GR","Greece","BO","Bolivia",0.19469971137,0.00017352233428,1.0532980101e-05
"GR","Greece","BR","Brazil",0.20273408431,0.00018408266124,1.1126525463e-05
"GR","Greece","BY","Belarus",0.2139923795,0.0001891870842,1.34517708e-05
"GR","Greece","BZ","Belize",0.1239942727,0.0001106286938,6.55931796e-06
"GR","Greece","CA","Canada",0.12098541726,0.00011255003804,6.368623848e-06
"GR","Greece","CI","Cote d'Ivoire",0.13163454175,0.000117127625,7.353077775e-06
"GR","Greece","CL","Chile",0.19999737292,0.00017897315668,1.0651075866e-05
"GR","Greece","CM","Cameroon",0.14843196885,0.0001321687434,8.175072105e-06
"GR","Greece","CN","China",0.27572565149,0.00025384106796,1.4095381977e-05
"GR","Greece","CO","Colombia",0.16645876376,0.00014894128404,9.009839598e-06
"GR","Greece","CR","Costa Rica",0.12284153831,0.00010959648724,6.502908063e-06
"GR","Greece","CY","Cyprus",0.09679276421,8.625109084e-05,5.262071433e-06
"GR","Greece","CZ","Czech Republic",0.1525026275,0.0001348809354,9.5814165e-06
"GR","Greece","DE","Germany",0.180360725,0.0001595950196,1.1327928e-05
"GR","Greece","DK","Denmark",0.234852514,0.00020764689,1.47594903e-05
"GR","Greece","DZ","Algeria",0.09827863266,8.725934964e-05,5.720782068e-06
"GR","Greece","EC","Ecuador",0.13668976059,0.00012199676436,7.180580907e-06
"GR","Greece","EE","Estonia",0.2500723275,0.0002211024726,1.57162227e-05
"GR","Greece","EG","Egypt",0.12256955562,0.00010901045748,6.909476076e-06
"GR","Greece","ES","Spain",0.280262527,0.000247861604,1.76116944e-05
"GR","Greece","ET","Ethiopia",0.21345805239,0.00018966059016,1.2258539397e-05
"GR","Greece","FI","Finland",0.2949123671,0.0002608130748,1.853285253e-05
"GR","Greece","FR","France",0.219941648,0.0001945329236,1.38198648e-05
"GR","Greece","GB","UK",0.2437354371,0.0002155684068,1.531582053e-05
"GR","Greece","GE","Georgia",0.17917066422,0.00015917423188,1.0315847856e-05
"GR","Greece","GH","Ghana",0.13650792406,0.00012149145524,7.591560288e-06
"GR","Greece","GN","Guinea",0.11911722736,0.00010591909844,6.740533878e-06
"GR","Greece","GR","Greece",0.02121825,1.87587e-05,1.3338e-06
"GR","Greece","GT","Guatemala",0.13841929557,0.00012354546228,7.265216961e-06
"GR","Greece","HR","Croatia",0.1150200305,0.0001017431982,7.2252237e-06
"GR","Greece","HU","Hungary",0.1139955985,0.000100837515,7.1608269e-06
"GR","Greece","ID","Indonesia",0.21825360138,0.00019470263652,1.1576293524e-05
"GR","Greece","IE","Ireland",0.04882017535,4.32944294e-05,2.914497855e-06
"GR","Greece","IL","Israel",0.17155572145,0.0001523554938,9.943205085e-06
"GR","Greece","IN","India",0.1706060695,0.000157372821,8.7808926e-06
"GR","Greece","IR","Iran",0.22285880642,0.00019829442068,1.2453758916e-05
"GR","Greece","IT","Italy",0.1825372235,0.0001614642974,1.1468586e-05
"GR","Greece","KE","Kenya",0.17848752686,0.00015908174644,9.645862728e-06
"GR","Greece","KG","Kyrgyzstan",0.42094291185,0.000373051401,2.5354060605e-05
"GR","Greece","KM","Comoros",0.18537278952,0.00016525978308,9.967247046e-06
"GR","Greece","KZ","Kazakhstan",0.19064821585,0.0001694517114,1.0877510205e-05
"GR","Greece","LK","Sri Lanka",0.17826887834,0.00016423442036,9.155877732e-06
"GR","Greece","LT","Lithuania",0.215519338,0.0001905547524,1.35441879e-05
"GR","Greece","LV","Latvia",0.2272682925,0.0002009418066,1.42827387e-05
"GR","Greece","MA","Morocco",0.08964559688,7.952896852e-05,5.298318174e-06
"GR","Greece","MD","Republic of Moldova",0.143661698,0.0001270089048,9.0307152e-06
"GR","Greece","MG","Madagascar",0.18994639435,0.0001693424954,1.0206610755e-05
"GR","Greece","ML","Mali",0.20801096044,0.00018441898736,1.2438296412e-05
"GR","Greece","MT","Malta",0.07980628058,7.104068332e-05,4.430825484e-06
"GR","Greece","MX","Mexico",0.22289292303,0.00020213372812,1.2113012919e-05
"GR","Greece","MY","Malaysia",0.19061911662,0.00017101333148,9.882125376e-06
"GR","Greece","NG","Nigeria",0.14043997243,0.00012501237572,7.783977939e-06
"GR","Greece","NI","Nicaragua",0.13385718718,0.00011946035972,7.041966864e-06
"GR","Greece","NL","Netherlands",0.217495241,0.0001923016152,1.36683951e-05
"GR","Greece","NP","Nepal",0.27198202416,0.00024718739044,1.4920815318e-05
"GR","Greece","NZ","New Zealand",0.3037484088,0.0002720380482,1.571117799e-05
"GR","Greece","PA","Panama",0.12201067194,0.00010885249476,6.462249012e-06
"GR","Greece","PE","Peru",0.17548811519,0.00015702654276,9.451697487e-06
"GR","Greece","PF","French Polynesia",0.23477490771,0.00020949650484,1.2384775683e-05
"GR","Greece","PH","Philippines",0.23864589554,0.00021296274916,1.2574205292e-05
"GR","Greece","PK","Pakistan",0.2218088348,0.0001973542322,1.240237779e-05
"GR","Greece","PL","Poland",0.1792015385,0.0001585702022,1.12550604e-05
"GR","Greece","PT","Portugal",0.32108644,0.0002839533428,2.01779256e-05
"GR","Greece","PY","Paraguay",0.17372516064,0.00015544791956,9.365426022e-06
"GR","Greece","RO","Romania",0.109006712,9.63710112e-05,6.8522688e-06
"GR","Greece","RS","Serbia",0.102584655,9.0693378e-05,6.448572e-06
"GR","Greece","RU","Russia",0.2981309385,0.000271491927,1.81485693e-05
"GR","Greece","SA","Saudi Arabia",0.22817665938,0.00020305624852,1.2713991924e-05
"GR","Greece","SE","Sweden",0.2849047981,0.0002519655504,1.790376693e-05
"GR","Greece","SI","Slovenia",0.125297853,0.0001108296492,7.8712977e-06
"GR","Greece","SK","Slovakia",0.128405396,0.000113576976,8.0666409e-06
"GR","Greece","SN","Senegal",0.11123117194,9.885759476e-05,6.354624012e-06
"GR","Greece","SR","Suriname",0.10720541719,9.559525076e-05,5.737743087e-06
"GR","Greece","SY","Syria",0.17197563305,0.0001527315002,9.963753765e-06
"GR","Greece","TG","Togo",0.13814548299,0.00012295779396,7.671695427e-06
"GR","Greece","TH","Thailand",0.22313100092,0.00019914870868,1.1718556266e-05
"GR","Greece","TN","Tunisia",0.10380990858,9.221228532e-05,5.991459084e-06
"GR","Greece","TR","Turkey",0.102693352,9.07894752e-05,6.4554048e-06
"GR","Greece","TZ","Tanzania",0.18243238446,0.00016261413684,9.838907208e-06
"GR","Greece","UA","Ukraine",0.178493875,0.00015780345,1.12203e-05
"GR","Greece","US","USA",0.12500164057,0.00011614633228,6.565160661e-06
"GR","Greece","VN","Vietnam",0.21915908021,0.00019559208484,1.1524187433e-05
"GR","Greece","ZA","South Africa",0.19034897015,0.0001697029786,1.0226311095e-05
"GR","Greece","RoW","Rest of World",0.20876938915,0.000185988163,1.1384236695e-05
"HU","Hungary","AL","Albania",0.0869285565,7.69079958e-05,5.4593661e-06
"HU","Hungary","AR","Argentina",0.25044390323,0.00022333322992,1.4115031029e-05
"HU","Hungary","AT","Austria",0.0226722505,2.01000702e-05,1.4201517e-06
"HU","Hungary","AU","Australia",0.30719373291,0.00027431127664,1.6875094893e-05
"HU","Hungary","BA","Bosnia and Herzegovina",0.044221803,3.91516692e-05,2.7747777e-06
"HU","Hungary","BE","Belgium",0.1052164545,9.30760206e-05,6.6089613e-06
"HU","Hungary","BF","Burkina Faso",0.28902407525,0.0002562730796,1.7246738175e-05
"HU","Hungary","BG","Bulgaria",0.0785380495,6.94341762e-05,4.9369788e-06
"HU","Hungary","BO","Bolivia",0.26617543387,0.00023671282528,1.5026014101e-05
"HU","Hungary","BR","Brazil",0.27420980681,0.00024727315224,1.5619559463e-05
"HU","Hungary","BY","Belarus",0.1058120625,9.3546675e-05,6.65145e-06
"HU","Hungary","BZ","Belize",0.1954699952,0.0001738191848,1.105235196e-05
"HU","Hungary","CA","Canada",0.19246113976,0.00017574052904,1.0861657848e-05
"HU","Hungary","CI","Cote d'Ivoire",0.20311026425,0.000180318116,1.1846111775e-05
"HU","Hungary","CL","Chile",0.27147309542,0.00024216364768,1.5144109866e-05
"HU","Hungary","CM","Cameroon",0.21990769135,0.0001953592344,1.2668106105e-05
"HU","Hungary","CN","China",0.34720137399,0.00031703155896,1.8588415977e-05
"HU","Hungary","CO","Colombia",0.23793448626,0.00021213177504,1.3502873598e-05
"HU","Hungary","CR","Costa Rica",0.19431726081,0.00017278697824,1.0995942063e-05
"HU","Hungary","CY","Cyprus",0.16826848671,0.00014944158184,9.755105433e-06
"HU","Hungary","CZ","Czech Republic",0.0436656615,3.86599938e-05,2.7398181e-06
"HU","Hungary","DE","Germany",0.071523759,6.3374078e-05,4.4863296e-06
"HU","Hungary","DK","Denmark",0.1260148035,0.0001114252902,7.9178451e-06
"HU","Hungary","DZ","Algeria",0.16975435516,0.00015044984064,1.0213816068e-05
"HU","Hungary","EC","Ecuador",0.20816548309,0.00018518725536,1.1673614907e-05
"HU","Hungary","EE","Estonia",0.1412353615,0.000124881531,8.8746243e-06
"HU","Hungary","EG","Egypt",0.19404527812,0.00017220094848,1.1402510076e-05
"HU","Hungary","ES","Spain",0.194353183,0.0001719105896,1.22113488e-05
"HU","Hungary","ET","Ethiopia",0.28493377489,0.00025285108116,1.6751573397e-05
"HU","Hungary","FI","Finland",0.1860746566,0.000164591475,1.169120733e-05
"HU","Hungary","FR","France",0.116682476,0.0001032432164,7.328892e-06
"HU","Hungary","GB","UK",0.1348984711,0.0001193474652,8.47422213e-06
"HU","Hungary","GE","Georgia",0.25064638672,0.00022236472288,1.4808881856e-05
"HU","Hungary","GH","Ghana",0.20798364656,0.00018468194624,1.2084594288e-05
"HU","Hungary","GN","Guinea",0.19059294986,0.00016910958944,1.1233567878e-05
"HU","Hungary","GR","Greece",0.130881611,0.0001157102436,8.2273464e-06
"HU","Hungary","GT","Guatemala",0.20989501807,0.00018673595328,1.1758250961e-05
"HU","Hungary","HR","Croatia",0.0301425635,2.6704449e-05,1.8897429e-06
"HU","Hungary","HU","Hungary",0.004587601,4.111734e-06,2.833329e-07
"HU","Hungary","ID","Indonesia",0.28972932388,0.00025789312752,1.6069327524e-05
"HU","Hungary","IE","Ireland",0.12029589785,0.0001064849204,7.407531855e-06
"HU","Hungary","IL","Israel",0.24303144395,0.0002155459848,1.4436239085e-05
"HU","Hungary","IN","India",0.242081792,0.000220563312,1.32739266e-05
"HU","Hungary","IR","Iran",0.29433452892,0.00026148491168,1.6946792916e-05
"HU","Hungary","IT","Italy",0.0966278795,8.5513283e-05,6.0682404e-06
"HU","Hungary","KE","Kenya",0.24996324936,0.00022227223744,1.4138896728e-05
"HU","Hungary","KG","Kyrgyzstan",0.49241863435,0.000436241892,2.9847094605e-05
"HU","Hungary","KM","Comoros",0.25684851202,0.00022845027408,1.4460281046e-05
"HU","Hungary","KZ","Kazakhstan",0.26212393835,0.0002326422024,1.5370544205e-05
"HU","Hungary","LK","Sri Lanka",0.24974460084,0.00022742491136,1.3648911732e-05
"HU","Hungary","LT","Lithuania",0.0981109435,8.67559542e-05,6.1637811e-06
"HU","Hungary","LV","Latvia",0.1184313265,0.000104720865,7.4411403e-06
"HU","Hungary","MA","Morocco",0.16112131938,0.00014271945952,9.791352174e-06
"HU","Hungary","MD","Republic of Moldova",0.0912868675,8.0705193e-05,5.738382e-06
"HU","Hungary","MG","Madagascar",0.26142211685,0.0002325329864,1.4699644755e-05
"HU","Hungary","ML","Mali",0.27948668294,0.00024760947836,1.6931330412e-05
"HU","Hungary","MT","Malta",0.15128200308,0.00013423117432,8.923859484e-06
"HU","Hungary","MX","Mexico",0.29436864553,0.00026532421912,1.6606046919e-05
"HU","Hungary","MY","Malaysia",0.26209483912,0.00023420382248,1.4375159376e-05
"HU","Hungary","NG","Nigeria",0.21191569493,0.00018820286672,1.2277011939e-05
"HU","Hungary","NI","Nicaragua",0.20533290968,0.00018265085072,1.1535000864e-05
"HU","Hungary","NL","Netherlands",0.108658275,9.60806736e-05,6.8267967e-06
"HU","Hungary","NP","Nepal",0.34345774666,0.00031037788144,1.9413849318e-05
"HU","Hungary","NZ","New Zealand",0.3752241313,0.0003352285392,2.020421199e-05
"HU","Hungary","PA","Panama",0.19348639444,0.00017204298576,1.0955283012e-05
"HU","Hungary","PE","Peru",0.24696383769,0.00022021703376,1.3944731487e-05
"HU","Hungary","PF","French Polynesia",0.30625063021,0.00027268699584,1.6877809683e-05
"HU","Hungary","PH","Philippines",0.31012161804,0.00027615324016,1.7067239292e-05
"HU","Hungary","PK","Pakistan",0.2932845573,0.0002605447232,1.689541179e-05
"HU","Hungary","PL","Poland",0.0703645725,6.23492606e-05,4.413462e-06
"HU","Hungary","PT","Portugal",0.235177096,0.0002080023284,1.477758e-05
"HU","Hungary","PY","Paraguay",0.24520088314,0.00021863841056,1.3858460022e-05
"HU","Hungary","RO","Romania",0.0854946575,7.5584397e-05,5.374278e-06
"HU","Hungary","RS","Serbia",0.0494117205,4.36840758e-05,3.1060692e-06
"HU","Hungary","RU","Russia",0.1895843275,0.0001755276834,1.13252229e-05
"HU","Hungary","SA","Saudi Arabia",0.29965238188,0.00026624673952,1.7207025924e-05
"HU","Hungary","SE","Sweden",0.1760678321,0.0001557446088,1.106216853e-05
"HU","Hungary","SI","Slovenia",0.039057951,3.4586394e-05,2.4501729e-06
"HU","Hungary","SK","Slovakia",0.01956843,1.73560344e-05,1.2250425e-06
"HU","Hungary","SN","Senegal",0.18270689444,0.00016204808576,1.0847658012e-05
"HU","Hungary","SR","Suriname",0.17868113969,0.00015878574176,1.0230777087e-05
"HU","Hungary","SY","Syria",0.24345135555,0.0002159219912,1.4456787765e-05
"HU","Hungary","TG","Togo",0.20962120549,0.00018614828496,1.2164729427e-05
"HU","Hungary","TH","Thailand",0.29460672342,0.00026233919968,1.6211590266e-05
"HU","Hungary","TN","Tunisia",0.17528563108,0.00015540277632,1.0484493084e-05
"HU","Hungary","TR","Turkey",0.120318645,0.000106371702,7.563348e-06
"HU","Hungary","TZ","Tanzania",0.25390810696,0.00022580462784,1.4331941208e-05
"HU","Hungary","UA","Ukraine",0.1043066835,9.22157946e-05,6.5568204e-06
"HU","Hungary","US","USA",0.19647736307,0.00017933682328,1.1058194661e-05
"HU","Hungary","VN","Vietnam",0.29063480271,0.00025878257584,1.6017221433e-05
"HU","Hungary","ZA","South Africa",0.26182469265,0.0002328934696,1.4719345095e-05
"HU","Hungary","RoW","Rest of World",0.20876938915,0.000185988163,1.1384236695e-05
"IE","Ireland","AL","Albania",0.185490608,0.0001642171615,1.13805952e-05
"IE","Ireland","AR","Argentina",0.2286199824,0.0002046867676,1.123758288e-05
"IE","Ireland","AT","Austria",0.10846166,9.61171567e-05,6.53848e-06
"IE","Ireland","AU","Australia",0.3183490728,0.0002850602772,1.545196736e-05
"IE","Ireland","BA","Bosnia and Herzegovina",0.1515347075,0.0001341973177,9.246094e-06
"IE","Ireland","BE","Belgium",0.0332202565,2.95974901e-05,1.8087316e-06
"IE","Ireland","BF","Burkina Faso",0.239657249,0.0002130767506,1.3154702e-05
"IE","Ireland","BG","Bulgaria",0.2002146025,0.0001771780437,1.23123534e-05
"IE","Ireland","BO","Bolivia",0.2492648196,0.0002224457492,1.236523312e-05
"IE","Ireland","BR","Brazil",0.2435639748,0.0002207634402,1.235308236e-05
"IE","Ireland","BY","Belarus",0.1711210315,0.0001514569041,1.0483503e-05
"IE","Ireland","BZ","Belize",0.159073679,0.0001421838835,7.5322898e-06
"IE","Ireland","CA","Canada",0.1430566358,0.0001325106167,6.76796016e-06
"IE","Ireland","CI","Cote d'Ivoire",0.153743438,0.000137121787,7.7540756e-06
"IE","Ireland","CL","Chile",0.2617653606,0.0002343167269,1.280096172e-05
"IE","Ireland","CM","Cameroon",0.180218876,0.000160789224,9.0028512e-06
"IE","Ireland","CN","China",0.3724105552,0.0003403071948,1.778503524e-05
"IE","Ireland","CO","Colombia",0.2089031358,0.0001870611017,1.030759196e-05
"IE","Ireland","CR","Costa Rica",0.1572567848,0.0001405596902,7.44659176e-06
"IE","Ireland","CY","Cyprus",0.1147768668,0.0001025686932,5.48117396e-06
"IE","Ireland","CZ","Czech Republic",0.090020395,7.98135427e-05,5.379244e-06
"IE","Ireland","DE","Germany",0.0758334705,6.73560445e-05,4.483493e-06
"IE","Ireland","DK","Denmark",0.093333139,8.27044031e-05,5.5881326e-06
"IE","Ireland","DZ","Algeria",0.1011691778,9.01235847e-05,5.27428836e-06
"IE","Ireland","EC","Ecuador",0.1790838032,0.0001600717218,8.47611384e-06
"IE","Ireland","EE","Estonia",0.1857590915,0.0001644166421,1.13981186e-05
"IE","Ireland","EG","Egypt",0.1394555666,0.0001243492959,7.08015492e-06
"IE","Ireland","ES","Spain",0.151186199,0.0001339191231,9.2242888e-06
"IE","Ireland","ET","Ethiopia",0.2454160907,0.0002184336054,1.309386504e-05
"IE","Ireland","FI","Finland",0.273764595,0.0002422883489,1.69301396e-05
"IE","Ireland","FR","France",0.0569823805,5.06351025e-05,3.3025444e-06
"IE","Ireland","GB","UK",0.059731268,5.30650637e-05,3.4757948e-06
"IE","Ireland","GE","Georgia",0.2023303746,0.0001801050179,1.076318452e-05
"IE","Ireland","GH","Ghana",0.1614246698,0.0001439883427,8.11637876e-06
"IE","Ireland","GN","Guinea",0.1340141438,0.0001194849937,6.82349756e-06
"IE","Ireland","GR","Greece",0.252558164,0.0002234541111,1.5602721e-05
"IE","Ireland","GT","Guatemala",0.1818098276,0.0001625086224,8.60469312e-06
"IE","Ireland","HR","Croatia",0.1217681085,0.0001078811653,7.3749364e-06
"IE","Ireland","HU","Hungary",0.126980353,0.0001124892235,7.7025832e-06
"IE","Ireland","ID","Indonesia",0.2909123894,0.0002597535231,1.420644228e-05
"IE","Ireland","IE","Ireland",0.00433083,3.83663e-06,2.717298e-07
"IE","Ireland","IL","Israel",0.190328004,0.000169375626,1.01970648e-05
"IE","Ireland","IN","India",0.220849783,0.0002024444395,1.04225806e-05
"IE","Ireland","IR","Iran",0.2711898906,0.0002416612519,1.401110372e-05
"IE","Ireland","IT","Italy",0.1432729085,0.0001269231153,8.7268516e-06
"IE","Ireland","KE","Kenya",0.2275912538,0.0002031372587,1.123727956e-05
"IE","Ireland","KG","Kyrgyzstan",0.450715532,0.0003998764836,2.60930136e-05
"IE","Ireland","KM","Comoros",0.2390869586,0.0002134247289,1.176197532e-05
"IE","Ireland","KZ","Kazakhstan",0.220420836,0.000196276794,1.16164632e-05
"IE","Ireland","LK","Sri Lanka",0.2329275982,0.0002132412743,1.099225884e-05
"IE","Ireland","LT","Lithuania",0.151206102,0.0001338689219,9.2260838e-06
"IE","Ireland","LV","Latvia",0.1629550565,0.0001442559761,9.9646346e-06
"IE","Ireland","MA","Morocco",0.0875621294,7.79597081e-05,4.63248028e-06
"IE","Ireland","MD","Republic of Moldova",0.20031511,0.0001772669007,1.23186714e-05
"IE","Ireland","MG","Madagascar",0.245652266,0.000219282709,1.20891692e-05
"IE","Ireland","ML","Mali",0.2183642447,0.0001939349989,1.232089484e-05
"IE","Ireland","MT","Malta",0.0880034454,7.86348771e-05,4.21834328e-06
"IE","Ireland","MX","Mexico",0.2753375364,0.0002491670786,1.385175628e-05
"IE","Ireland","MY","Malaysia",0.2592828466,0.0002325032959,1.233609992e-05
"IE","Ireland","NG","Nigeria",0.1676222084,0.0001495285666,8.40870008e-06
"IE","Ireland","NI","Nicaragua",0.1746192134,0.0001560806491,8.26553108e-06
"IE","Ireland","NL","Netherlands",0.0276987635,2.46781493e-05,1.4622914e-06
"IE","Ireland","NP","Nepal",0.3318524758,0.0003008396265,1.698702356e-05
"IE","Ireland","NZ","New Zealand",0.425575887,0.0003809145505,2.05095694e-05
"IE","Ireland","PA","Panama",0.1559472062,0.0001393890063,7.38482244e-06
"IE","Ireland","PE","Peru",0.2231348412,0.0001997833838,1.097886344e-05
"IE","Ireland","PF","French Polynesia",0.3169526168,0.0002830319082,1.543469016e-05
"IE","Ireland","PH","Philippines",0.3230539142,0.0002884860983,1.572247204e-05
"IE","Ireland","PK","Pakistan",0.269534967,0.0002401818505,1.39330454e-05
"IE","Ireland","PL","Poland",0.115438637,0.0001023703099,6.9731126e-06
"IE","Ireland","PT","Portugal",0.185482336,0.0001642397643,1.13801776e-05
"IE","Ireland","PY","Paraguay",0.2203561422,0.0001972993953,1.084779964e-05
"IE","Ireland","RO","Romania",0.205091822,0.0001814899119,1.26189402e-05
"IE","Ireland","RS","Serbia",0.1710882735,0.0001514279433,1.04814438e-05
"IE","Ireland","RU","Russia",0.175392523,0.0001641850145,8.4922216e-06
"IE","Ireland","SA","Saudi Arabia",0.2795716794,0.0002491540631,1.440645028e-05
"IE","Ireland","SE","Sweden",0.1432812915,0.0001269302423,8.7278312e-06
"IE","Ireland","SI","Slovenia",0.11489414,0.0001018040047,6.942832e-06
"IE","Ireland","SK","Slovakia",0.11432832,0.0001013037727,6.907264e-06
"IE","Ireland","SN","Senegal",0.1215844562,0.0001083736063,6.23722244e-06
"IE","Ireland","SR","Suriname",0.1326117512,0.0001185285238,6.28415144e-06
"IE","Ireland","SY","Syria",0.190989852,0.000169967278,1.02282824e-05
"IE","Ireland","TG","Togo",0.1640057252,0.0001462956498,8.23812024e-06
"IE","Ireland","TH","Thailand",0.3025892006,0.0002702601269,1.464854572e-05
"IE","Ireland","TN","Tunisia",0.1098873554,9.79171071e-05,5.68550148e-06
"IE","Ireland","TR","Turkey",0.1280903076,0.0001142958424,6.37466912e-06
"IE","Ireland","TZ","Tanzania",0.2338089818,0.0002086955307,1.153055316e-05
"IE","Ireland","UA","Ukraine",0.196827872,0.0001741838919,1.20994602e-05
"IE","Ireland","US","USA",0.1493868476,0.0001381694424,7.06653932e-06
"IE","Ireland","VN","Vietnam",0.2963288168,0.0002646637232,1.435326016e-05
"IE","Ireland","ZA","South Africa",0.24628679,0.000219849935,1.2119098e-05
"IE","Ireland","RoW","Rest of World",0.20876938915,0.000185988163,1.1384236695e-05
"IT","Italy","AL","Albania",0.125126618,0.0001106782632,7.8605337e-06
"IT","Italy","AR","Argentina",0.26543366623,0.00023658542872,1.5057302229e-05
"IT","Italy","AT","Austria",0.0881272015,7.79676978e-05,5.5347141e-06
"IT","Italy","AU","Australia",0.32218349591,0.00028756347544,1.7817366093e-05
"IT","Italy","BA","Bosnia and Herzegovina",0.100296054,8.87259768e-05,6.2996601e-06
"IT","Italy","BE","Belgium",0.114210759,0.0001010277348,7.1743521e-06
"IT","Italy","BF","Burkina Faso",0.30401383825,0.0002695252784,1.8189009375e-05
"IT","Italy","BG","Bulgaria",0.145455943,0.0001285951668,9.1435032e-06
"IT","Italy","BO","Bolivia",0.28116519687,0.00024996502408,1.5968285301e-05
"IT","Italy","BR","Brazil",0.28919956981,0.00026052535104,1.6561830663e-05
"IT","Italy","BY","Belarus",0.195027731,0.0001724207556,1.22596344e-05
"IT","Italy","BZ","Belize",0.2104597582,0.0001870713836,1.199462316e-05
"IT","Italy","CA","Canada",0.20745090276,0.00018899272784,1.1803929048e-05
"IT","Italy","CI","Cote d'Ivoire",0.21810002725,0.0001935703148,1.2788382975e-05
"IT","Italy","CL","Chile",0.28646285842,0.00025541584648,1.6086381066e-05
"IT","Italy","CM","Cameroon",0.23489745435,0.0002086114332,1.3610377305e-05
"IT","Italy","CN","China",0.36219113699,0.00033028375776,1.9530687177e-05
"IT","Italy","CO","Colombia",0.25292424926,0.00022538397384,1.4445144798e-05
"IT","Italy","CR","Costa Rica",0.20930702381,0.00018603917704,1.1938213263e-05
"IT","Italy","CY","Cyprus",0.18325824971,0.00016269378064,1.0697376633e-05
"IT","Italy","CZ","Czech Republic",0.101280283,8.95961172e-05,6.3615297e-06
"IT","Italy","DE","Germany",0.1187272925,0.0001051059326,7.45359e-06
"IT","Italy","DK","Denmark",0.166635468,0.0001473373404,1.04712999e-05
"IT","Italy","DZ","Algeria",0.18474411816,0.00016370203944,1.1156087268e-05
"IT","Italy","EC","Ecuador",0.22315524609,0.00019843945416,1.2615886107e-05
"IT","Italy","EE","Estonia",0.210179784,0.000185834142,1.32085383e-05
"IT","Italy","EG","Egypt",0.20903504112,0.00018545314728,1.2344781276e-05
"IT","Italy","ES","Spain",0.1521512005,0.0001346005226,9.5584908e-06
"IT","Italy","ET","Ethiopia",0.29992353789,0.00026610327996,1.7693844597e-05
"IT","Italy","FI","Finland",0.2550190791,0.000225544086,1.602512133e-05
"IT","Italy","FR","France",0.112050197,9.9147896e-05,7.0377024e-06
"IT","Italy","GB","UK",0.1459051591,0.000129078294,9.16611333e-06
"IT","Italy","GE","Georgia",0.26563614972,0.00023561692168,1.5751153056e-05
"IT","Italy","GH","Ghana",0.22297340956,0.00019793414504,1.3026865488e-05
"IT","Italy","GN","Guinea",0.20558271286,0.00018236178824,1.2175839078e-05
"IT","Italy","GR","Greece",0.197800249,0.0001748718924,1.24339176e-05
"IT","Italy","GT","Guatemala",0.22488478107,0.00019998815208,1.2700522161e-05
"IT","Italy","HR","Croatia",0.07050712,6.23900784e-05,4.4270985e-06
"IT","Italy","HU","Hungary",0.0950882765,8.41218678e-05,5.9722941e-06
"IT","Italy","ID","Indonesia",0.30471908688,0.00027114532632,1.7011598724e-05
"IT","Italy","IE","Ireland",0.13528566085,0.0001197371192,8.349803055e-06
"IT","Italy","IL","Israel",0.25802120695,0.0002287981836,1.5378510285e-05
"IT","Italy","IN","India",0.257071555,0.0002338155108,1.42161978e-05
"IT","Italy","IR","Iran",0.30932429192,0.00027473711048,1.7889064116e-05
"IT","Italy","IT","Italy",0.006115292,5.492618e-06,3.785304e-07
"IT","Italy","KE","Kenya",0.26495301236,0.00023552443624,1.5081167928e-05
"IT","Italy","KG","Kyrgyzstan",0.50740839735,0.0004494940908,3.0789365805e-05
"IT","Italy","KM","Comoros",0.27183827502,0.00024170247288,1.5402552246e-05
"IT","Italy","KZ","Kazakhstan",0.27711370135,0.0002458944012,1.6312815405e-05
"IT","Italy","LK","Sri Lanka",0.26473436384,0.00024067711016,1.4591182932e-05
"IT","Italy","LT","Lithuania",0.17562605,0.0001552857636,1.10364567e-05
"IT","Italy","LV","Latvia",0.187375749,0.000165673476,1.17750543e-05
"IT","Italy","MA","Morocco",0.17611108238,0.00015597165832,1.0733623374e-05
"IT","Italy","MD","Republic of Moldova",0.191677481,0.0001694588556,1.20490344e-05
"IT","Italy","MG","Madagascar",0.27641187985,0.0002457851852,1.5641915955e-05
"IT","Italy","ML","Mali",0.29447644594,0.00026086167716,1.7873601612e-05
"IT","Italy","MT","Malta",0.16627176608,0.00014748337312,9.866130684e-06
"IT","Italy","MX","Mexico",0.30935840853,0.00027857641792,1.7548318119e-05
"IT","Italy","MY","Malaysia",0.27708460212,0.00024745602128,1.5317430576e-05
"IT","Italy","NG","Nigeria",0.22690545793,0.00020145506552,1.3219283139e-05
"IT","Italy","NI","Nicaragua",0.22032267268,0.00019590304952,1.2477272064e-05
"IT","Italy","NL","Netherlands",0.1271151745,0.0001123981098,7.9870155e-06
"IT","Italy","NP","Nepal",0.35844750966,0.00032363008024,2.0356120518e-05
"IT","Italy","NZ","New Zealand",0.3902138943,0.000348480738,2.114648319e-05
"IT","Italy","PA","Panama",0.20847615744,0.00018529518456,1.1897554212e-05
"IT","Italy","PE","Peru",0.26195360069,0.00023346923256,1.4887002687e-05
"IT","Italy","PF","French Polynesia",0.32124039321,0.00028593919464,1.7820080883e-05
"IT","Italy","PH","Philippines",0.32511138104,0.00028940543896,1.8009510492e-05
"IT","Italy","PK","Pakistan",0.3082743203,0.000273796922,1.783768299e-05
"IT","Italy","PL","Poland",0.139308995,0.0001233018716,8.747376e-06
"IT","Italy","PT","Portugal",0.1929751135,0.0001706922614,1.2124722e-05
"IT","Italy","PY","Paraguay",0.26019064614,0.00023189060936,1.4800731222e-05
"IT","Italy","RO","Romania",0.1606251305,0.0001420059918,1.00970532e-05
"IT","Italy","RS","Serbia",0.1163229135,0.0001028391426,7.3121724e-06
"IT","Italy","RU","Russia",0.278782128,0.0002543859672,1.69322841e-05
"IT","Italy","SA","Saudi Arabia",0.31464214488,0.00027949893832,1.8149297124e-05
"IT","Italy","SE","Sweden",0.2166884966,0.000191656659,1.361562333e-05
"IT","Italy","SI","Slovenia",0.0606477065,5.36735358e-05,3.8073261e-06
"IT","Italy","SK","Slovakia",0.0930572805,8.23262982e-05,5.8446237e-06
"IT","Italy","SN","Senegal",0.19769665744,0.00017530028456,1.1789929212e-05
"IT","Italy","SR","Suriname",0.19367090269,0.00017203794056,1.1173048287e-05
"IT","Italy","SY","Syria",0.25844111855,0.00022917419,1.5399058965e-05
"IT","Italy","TG","Togo",0.22461096849,0.00019940048376,1.3107000627e-05
"IT","Italy","TH","Thailand",0.30959648642,0.00027559139848,1.7153861466e-05
"IT","Italy","TN","Tunisia",0.19027539408,0.00016865497512,1.1426764284e-05
"IT","Italy","TR","Turkey",0.187332579,0.0001656176004,1.17759096e-05
"IT","Italy","TZ","Tanzania",0.26889786996,0.00023905682664,1.5274212408e-05
"IT","Italy","UA","Ukraine",0.1961973405,0.0001734547878,1.23331572e-05
"IT","Italy","US","USA",0.21146712607,0.00019258902208,1.2000465861e-05
"IT","Italy","VN","Vietnam",0.30562456571,0.00027203477464,1.6959492633e-05
"IT","Italy","ZA","South Africa",0.27681445565,0.0002461456684,1.5661616295e-05
"IT","Italy","RoW","Rest of World",0.20876938915,0.000185988163,1.1384236695e-05
"PL","Poland","AL","Albania",0.150171598,0.0001328201112,9.4348857e-06
"PL","Poland","AR","Argentina",0.23700493373,0.00021145206172,1.3270244229e-05
"PL","Poland","AT","Austria",0.054552485,4.82848524e-05,3.4241745e-06
"PL","Poland","AU","Australia",0.29375476341,0.00026243010844,1.6030308093e-05
"PL","Poland","BA","Bosnia and Herzegovina",0.1060190255,9.37855602e-05,6.6594117e-06
"PL","Poland","BE","Belgium",0.100741265,8.91195804e-05,6.3276465e-06
"PL","Poland","BF","Burkina Faso",0.27558510575,0.0002443919114,1.6401951375e-05
"PL","Poland","BG","Bulgaria",0.141781091,0.0001253462916,8.9124984e-06
"PL","Poland","BO","Bolivia",0.25273646437,0.00022483165708,1.4181227301e-05
"PL","Poland","BR","Brazil",0.26077083731,0.00023539198404,1.4774772663e-05
"PL","Poland","BY","Belarus",0.0626921115,5.54250474e-05,3.9408876e-06
"PL","Poland","BZ","Belize",0.1820310257,0.0001619380166,1.020756516e-05
"PL","Poland","CA","Canada",0.17902217026,0.00016385936084,1.0016871048e-05
"PL","Poland","CI","Cote d'Ivoire",0.18967129475,0.0001684369478,1.1001324975e-05
"PL","Poland","CL","Chile",0.25803412592,0.00023028247948,1.4299323066e-05
"PL","Poland","CM","Cameroon",0.20646872185,0.0001834780662,1.1823319305e-05
"PL","Poland","CN","China",0.33376240449,0.00030515039076,1.7743629177e-05
"PL","Poland","CO","Colombia",0.22449551676,0.00020025060684,1.2658086798e-05
"PL","Poland","CR","Costa Rica",0.18087829131,0.00016090581004,1.0151155263e-05
"PL","Poland","CY","Cyprus",0.15482951721,0.00013756041364,8.910318633e-06
"PL","Poland","CZ","Czech Republic",0.059749095,5.28790884e-05,3.7508385e-06
"PL","Poland","DE","Germany",0.0506472345,4.49174918e-05,3.1740108e-06
"PL","Poland","DK","Denmark",0.103040278,9.11138964e-05,6.4736439e-06
"PL","Poland","DZ","Algeria",0.15631538566,0.00013856867244,9.369029268e-06
"PL","Poland","EC","Ecuador",0.19472651359,0.00017330608716,1.0828828107e-05
"PL","Poland","EE","Estonia",0.0777027095,6.87133758e-05,4.8808995e-06
"PL","Poland","EG","Egypt",0.18060630862,0.00016031978028,1.0557723276e-05
"PL","Poland","ES","Spain",0.2188330875,0.0001935528638,1.37501796e-05
"PL","Poland","ET","Ethiopia",0.27149480539,0.00024096991296,1.5906786597e-05
"PL","Poland","FI","Finland",0.1225427491,0.000108423978,7.69752933e-06
"PL","Poland","FR","France",0.124629269,0.0001102688432,7.8284352e-06
"PL","Poland","GB","UK",0.1283118796,0.0001135243698,8.06018253e-06
"PL","Poland","GE","Georgia",0.23720741722,0.00021048355468,1.3964095056e-05
"PL","Poland","GH","Ghana",0.19454467706,0.00017280077804,1.1239807488e-05
"PL","Poland","GN","Guinea",0.17715398036,0.00015722842124,1.0388781078e-05
"PL","Poland","GR","Greece",0.1941246525,0.000171622359,1.2202866e-05
"PL","Poland","GT","Guatemala",0.19645604857,0.00017485478508,1.0913464161e-05
"PL","Poland","HR","Croatia",0.081632928,7.22262192e-05,5.1264777e-06
"PL","Poland","HU","Hungary",0.0684858025,6.06030654e-05,4.3000365e-06
"PL","Poland","ID","Indonesia",0.27629035438,0.00024601195932,1.5224540724e-05
"PL","Poland","IE","Ireland",0.10685692835,9.46037522e-05,6.562745055e-06
"PL","Poland","IL","Israel",0.22959247445,0.0002036648166,1.3591452285e-05
"PL","Poland","IN","India",0.2286428225,0.0002086821438,1.24291398e-05
"PL","Poland","IR","Iran",0.28089555942,0.00024960374348,1.6102006116e-05
"PL","Poland","IT","Italy",0.138881977,0.000122869424,8.7243744e-06
"PL","Poland","KE","Kenya",0.23652427986,0.00021039106924,1.3294109928e-05
"PL","Poland","KG","Kyrgyzstan",0.47897966485,0.0004243607238,2.9002307805e-05
"PL","Poland","KM","Comoros",0.24340954252,0.00021656910588,1.3615494246e-05
"PL","Poland","KZ","Kazakhstan",0.24868496885,0.0002207610342,1.4525757405e-05
"PL","Poland","LK","Sri Lanka",0.23630563134,0.00021554374316,1.2804124932e-05
"PL","Poland","LT","Lithuania",0.04314972,3.81656556e-05,2.7088647e-06
"PL","Poland","LV","Latvia",0.054899419,4.8553368e-05,3.4474623e-06
"PL","Poland","MA","Morocco",0.14768234988,0.00013083829132,8.946565374e-06
"PL","Poland","MD","Republic of Moldova",0.093324564,8.25066864e-05,5.8664736e-06
"PL","Poland","MG","Madagascar",0.24798314735,0.0002206518182,1.3854857955e-05
"PL","Poland","ML","Mali",0.26604771344,0.00023572831016,1.6086543612e-05
"PL","Poland","MT","Malta",0.13784303358,0.00012235000612,8.079072684e-06
"PL","Poland","MX","Mexico",0.28092967603,0.00025344305092,1.5761260119e-05
"PL","Poland","MY","Malaysia",0.24865586962,0.00022232265428,1.3530372576e-05
"PL","Poland","NG","Nigeria",0.19847672543,0.00017632169852,1.1432225139e-05
"PL","Poland","NI","Nicaragua",0.19189394018,0.00017076968252,1.0690214064e-05
"PL","Poland","NL","Netherlands",0.0931615075,8.23802406e-05,5.8526547e-06
"PL","Poland","NP","Nepal",0.33001877716,0.00029849671324,1.8569062518e-05
"PL","Poland","NZ","New Zealand",0.3617851618,0.000323347371,1.935942519e-05
"PL","Poland","PA","Panama",0.18004742494,0.00016016181756,1.0110496212e-05
"PL","Poland","PE","Peru",0.23352486819,0.00020833586556,1.3099944687e-05
"PL","Poland","PF","French Polynesia",0.29281166071,0.00026080582764,1.6033022883e-05
"PL","Poland","PH","Philippines",0.29668264854,0.00026427207196,1.6222452492e-05
"PL","Poland","PK","Pakistan",0.2798455878,0.000248663555,1.605062499e-05
"PL","Poland","PL","Poland",0.006521464,5.906636e-06,4.002216e-07
"PL","Poland","PT","Portugal",0.2531292245,0.000223873505,1.59060684e-05
"PL","Poland","PY","Paraguay",0.23176191364,0.00020675724236,1.3013673222e-05
"PL","Poland","RO","Romania",0.124523581,0.0001100892156,7.8276744e-06
"PL","Poland","RS","Serbia",0.112654762,9.95961912e-05,7.0815888e-06
"PL","Poland","RU","Russia",0.1463035645,0.0001372638846,8.6045517e-06
"PL","Poland","SA","Saudi Arabia",0.28621341238,0.00025436557132,1.6362239124e-05
"PL","Poland","SE","Sweden",0.1530933066,0.000135433215,9.61796733e-06
"PL","Poland","SI","Slovenia",0.0824362435,7.2936417e-05,5.1769749e-06
"PL","Poland","SK","Slovakia",0.053867545,4.76793084e-05,3.3811185e-06
"PL","Poland","SN","Senegal",0.16926792494,0.00015016691756,1.0002871212e-05
"PL","Poland","SR","Suriname",0.16524217019,0.00014690457356,9.385990287e-06
"PL","Poland","SY","Syria",0.23001238605,0.000204040823,1.3612000965e-05
"PL","Poland","TG","Togo",0.19618223599,0.00017426711676,1.1319942627e-05
"PL","Poland","TH","Thailand",0.28116775392,0.00025045803148,1.5366803466e-05
"PL","Poland","TN","Tunisia",0.16184666158,0.00014352160812,9.639706284e-06
"PL","Poland","TR","Turkey",0.183590722,0.0001623094872,1.15406928e-05
"PL","Poland","TZ","Tanzania",0.24046913746,0.00021392345964,1.3487154408e-05
"PL","Poland","UA","Ukraine",0.08196945,7.246782e-05,5.15268e-06
"PL","Poland","US","USA",0.18303839357,0.00016745565508,1.0213407861e-05
"PL","Poland","VN","Vietnam",0.27719583321,0.00024690140764,1.5172434633e-05
"PL","Poland","ZA","South Africa",0.24838572315,0.0002210123014,1.3874558295e-05
"PL","Poland","RoW","Rest of World",0.20876938915,0.000185988163,1.1384236695e-05
"SE","Sweden","AL","Albania",0.2559106995,0.0002263022826,1.60817493e-05
"SE","Sweden","AR","Argentina",0.26501823523,0.00023621815312,1.5031187829e-05
"SE","Sweden","AT","Austria",0.159952839,0.0001414675428,1.00497441e-05
"SE","Sweden","AU","Australia",0.32176806491,0.00028719619984,1.7791251693e-05
"SE","Sweden","BA","Bosnia and Herzegovina",0.211758127,0.0001872677316,1.33062753e-05
"SE","Sweden","BE","Belgium",0.130906916,0.000115788528,8.2238889e-06
"SE","Sweden","BF","Burkina Faso",0.30359840725,0.0002691580028,1.8162894975e-05
"SE","Sweden","BG","Bulgaria",0.2475201925,0.000218828463,1.5559362e-05
"SE","Sweden","BO","Bolivia",0.28074976587,0.00024959774848,1.5942170901e-05
"SE","Sweden","BR","Brazil",0.28878413881,0.00026015807544,1.6535716263e-05
"SE","Sweden","BY","Belarus",0.208985617,0.0001847606892,1.31370408e-05
"SE","Sweden","BZ","Belize",0.2100443272,0.000186704108,1.196850876e-05
"SE","Sweden","CA","Canada",0.20703547176,0.00018862545224,1.1777814648e-05
"SE","Sweden","CI","Cote d'Ivoire",0.21768459625,0.0001932030392,1.2762268575e-05
"SE","Sweden","CL","Chile",0.28604742742,0.00025504857088,1.6060266666e-05
"SE","Sweden","CM","Cameroon",0.23448202335,0.0002082441576,1.3584262905e-05
"SE","Sweden","CN","China",0.36177570599,0.00032991648216,1.9504572777e-05
"SE","Sweden","CO","Colombia",0.25250881826,0.00022501669824,1.4419030398e-05
"SE","Sweden","CR","Costa Rica",0.20889159281,0.00018567190144,1.1912098863e-05
"SE","Sweden","CY","Cyprus",0.18284281871,0.00016232650504,1.0671262233e-05
"SE","Sweden","CZ","Czech Republic",0.1352987215,0.0001196712498,8.4999621e-06
"SE","Sweden","DE","Germany",0.1112971825,9.85370966e-05,6.986526e-06
"SE","Sweden","DK","Denmark",0.053435732,4.72593468e-05,3.3554535e-06
"SE","Sweden","DZ","Algeria",0.18432868716,0.00016333476384,1.1129972868e-05
"SE","Sweden","EC","Ecuador",0.22273981509,0.00019807217856,1.2589771707e-05
"SE","Sweden","EE","Estonia",0.1696752615,0.000150024771,1.06623843e-05
"SE","Sweden","EG","Egypt",0.20861961012,0.00018508587168,1.2318666876e-05
"SE","Sweden","ES","Spain",0.2492697365,0.0002204613962,1.56634572e-05
"SE","Sweden","ET","Ethiopia",0.29950810689,0.00026573600436,1.7667730197e-05
"SE","Sweden","FI","Finland",0.1373262856,0.0001214938554,8.62683693e-06
"SE","Sweden","FR","France",0.1550651735,0.0001371767174,9.741666e-06
"SE","Sweden","GB","UK",0.1578476836,0.0001396364802,9.91683213e-06
"SE","Sweden","GE","Georgia",0.26522071872,0.00023524964608,1.5725038656e-05
"SE","Sweden","GH","Ghana",0.22255797856,0.00019756686944,1.3000751088e-05
"SE","Sweden","GN","Guinea",0.20516728186,0.00018199451264,1.2149724678e-05
"SE","Sweden","GR","Greece",0.299863754,0.0002651045304,1.88497296e-05
"SE","Sweden","GT","Guatemala",0.22446935007,0.00019962087648,1.2674407761e-05
"SE","Sweden","HR","Croatia",0.1828931175,0.0001617486594,1.14917925e-05
"SE","Sweden","HU","Hungary",0.174224904,0.0001540852368,1.09469001e-05
"SE","Sweden","ID","Indonesia",0.30430365588,0.00027077805072,1.6985484324e-05
"SE","Sweden","IE","Ireland",0.13487022985,0.0001193698436,8.323688655e-06
"SE","Sweden","IL","Israel",0.25760577595,0.000228430908,1.5352395885e-05
"SE","Sweden","IN","India",0.256656124,0.0002334482352,1.41900834e-05
"SE","Sweden","IR","Iran",0.30890886092,0.00027436983488,1.7862949716e-05
"SE","Sweden","IT","Italy",0.216366559,0.0001913722472,1.35951312e-05
"SE","Sweden","KE","Kenya",0.26453758136,0.00023515716064,1.5055053528e-05
"SE","Sweden","KG","Kyrgyzstan",0.50699296635,0.0004491268152,3.0763251405e-05
"SE","Sweden","KM","Comoros",0.27142284402,0.00024133519728,1.5376437846e-05
"SE","Sweden","KZ","Kazakhstan",0.27669827035,0.0002455271256,1.6286701005e-05
"SE","Sweden","LK","Sri Lanka",0.26431893284,0.00024030983456,1.4565068532e-05
"SE","Sweden","LT","Lithuania",0.189085121,0.0001671847032,1.18825071e-05
"SE","Sweden","LV","Latvia",0.20083482,0.0001775724156,1.26211047e-05
"SE","Sweden","MA","Morocco",0.17569565138,0.00015560438272,1.0707508974e-05
"SE","Sweden","MD","Republic of Moldova",0.2385400335,0.0002108892546,1.49948604e-05
"SE","Sweden","MG","Madagascar",0.27599644885,0.0002454179096,1.5615801555e-05
"SE","Sweden","ML","Mali",0.29406101494,0.00026049440156,1.7847487212e-05
"SE","Sweden","MT","Malta",0.16585633508,0.00014711609752,9.840016284e-06
"SE","Sweden","MX","Mexico",0.30894297753,0.00027820914232,1.7522203719e-05
"SE","Sweden","MY","Malaysia",0.27666917112,0.00024708874568,1.5291316176e-05
"SE","Sweden","NG","Nigeria",0.22649002693,0.00020108778992,1.3193168739e-05
"SE","Sweden","NI","Nicaragua",0.21990724168,0.00019553577392,1.2451157664e-05
"SE","Sweden","NL","Netherlands",0.121161408,0.0001071344844,7.6127559e-06
"SE","Sweden","NP","Nepal",0.35803207866,0.00032326280464,2.0330006118e-05
"SE","Sweden","NZ","New Zealand",0.3897984633,0.0003481134624,2.112036879e-05
"SE","Sweden","PA","Panama",0.20806072644,0.00018492790896,1.1871439812e-05
"SE","Sweden","PE","Peru",0.26153816969,0.00023310195696,1.4860888287e-05
"SE","Sweden","PF","French Polynesia",0.32082496221,0.00028557191904,1.7793966483e-05
"SE","Sweden","PH","Philippines",0.32469595004,0.00028903816336,1.7983396092e-05
"SE","Sweden","PK","Pakistan",0.3078588893,0.0002734296464,1.781156859e-05
"SE","Sweden","PL","Poland",0.153278793,0.0001356523364,9.6255312e-06
"SE","Sweden","PT","Portugal",0.283565129,0.0002507813792,1.78192992e-05
"SE","Sweden","PY","Paraguay",0.25977521514,0.00023152333376,1.4774616822e-05
"SE","Sweden","RO","Romania",0.25232594,0.000223077144,1.5861456e-05
"SE","Sweden","RS","Serbia",0.2183938635,0.0001930783626,1.37284524e-05
"SE","Sweden","RU","Russia",0.24375787,0.0002234216064,1.47306249e-05
"SE","Sweden","SA","Saudi Arabia",0.31422671388,0.00027913166272,1.8123182724e-05
"SE","Sweden","SE","Sweden",0.0063947931,5.7395124e-06,3.9635493e-07
"SE","Sweden","SI","Slovenia",0.1769847655,0.0001565251842,1.11203877e-05
"SE","Sweden","SK","Slovakia",0.1596066465,0.0001411614798,1.00279821e-05
"SE","Sweden","SN","Senegal",0.19728122644,0.00017493300896,1.1763814812e-05
"SE","Sweden","SR","Suriname",0.19325547169,0.00017167066496,1.1146933887e-05
"SE","Sweden","SY","Syria",0.25802568755,0.0002288069144,1.5372944565e-05
"SE","Sweden","TG","Togo",0.22419553749,0.00019903320816,1.3080886227e-05
"SE","Sweden","TH","Thailand",0.30918105542,0.00027522412288,1.7127747066e-05
"SE","Sweden","TN","Tunisia",0.18985996308,0.00016828769952,1.1400649884e-05
"SE","Sweden","TR","Turkey",0.289482446,0.0002559265896,1.81971504e-05
"SE","Sweden","TZ","Tanzania",0.26848243896,0.00023868955104,1.5248098008e-05
"SE","Sweden","UA","Ukraine",0.2282629555,0.0002018034618,1.43488332e-05
"SE","Sweden","US","USA",0.21105169507,0.00019222174648,1.1974351461e-05
"SE","Sweden","VN","Vietnam",0.30520913471,0.00027166749904,1.6933378233e-05
"SE","Sweden","ZA","South Africa",0.27639902465,0.0002457783928,1.5635501895e-05
"SE","Sweden","RoW","Rest of World",0.20876938915,0.000185988163,1.1384236695e-05
