Item code (CPC),Food Balance Sheets (FBS) food categories  [2],Country of origin,Market share,Data source,"Climate impact, kg CO2e/kg","Carbon dioxide, kg CO2/kg","Methane, kg CH4/kg","Nitrous oxide, kg N2O/kg",kg HCFs/kg,"Cropland use, m2/kg","Nitrogen application, kg N/kg","Phosphorus application, kg P/kg","Freshwater use, m3/kg","Extinction rate, E/MSY/kg"
2511,FBS NAME,uk,0,0.5180400426907603,0.9714592716214985,0.7251540746297509,0.8243254507340376,1.344684207157574,0.892459742382465,1.4889985627566489,1.3528980328718865,1.4347330071945954,1.1888353253211126
2511,FBS NAME,dk,0,1.1430847624946436,1.234820802193198,0.9192791524872646,0.6703629478949718,0.8985111894106923,1.4096526677147534,1.3588484921621313,0.9295937265165073,0.7725803795677633,0.7360284423089174
2511,FBS NAME,se,0,0.7776346498733588,1.4936379814180252,1.1358378061741508,0.5528451582034106,1.3254292588936052,0.8399650500205815,1.4599363142452206,0.9200156672157291,0.5601379356180254,0.8026492789381945
2511,FBS NAME,ir,0,1.4942795916402152,0.7105385689482508,0.6398428569665959,1.4418625716144364,0.988869629785285,0.8391979760172257,0.6620633614071139,0.8730107698735037,0.5891076777164099,0.5067558624005299
2805,FBS NAME,uk,0,0.6581731136157143,1.3092895629402348,0.9990977759430073,1.0696005975919918,0.5941653205350668,0.7984523501608347,0.9919629290471483,1.3535096551815176,1.39017012921375,1.3269882100444794
2805,FBS NAME,de,0,0.8337259763944156,1.0574545899570782,1.1774631099326454,1.1171084335685482,1.0150133014014429,1.39718210487728,1.1595024832918457,1.1482988486792547,1.3904760996046346,1.0225273090267044
2805,FBS NAME,fr,0,1.3010387025470336,1.1297796861865617,0.9895216307934234,0.7394604539247076,0.5607448527963574,0.9838813221963314,0.8543937424745607,1.161697331821007,0.893346499388497,0.5881146021864614
2805,FBS NAME,es,0,0.9501078133590362,1.1348864767700275,0.6856517783509766,0.6030730714038399,1.2281909657440566,0.6346555363577344,0.8503951735933952,1.4843009115150951,1.4495108506438272,0.8220040027642834
2513,FBS NAME,fr,0,1.3439776270884372,0.7183248687148749,1.4496033326496038,0.6738099942517324,0.7512193467273207,1.1651966303966461,0.7789362284485346,0.621104710798702,0.9933384834506054,1.475893449328951
2513,FBS NAME,es,0,0.823364953203062,0.6890329846502126,1.21160111787174,0.5018766551324105,0.9139425603970621,0.7095637750591295,1.144610044242404,1.4183730463171837,0.6531873239004602,1.0276017539394549
2513,FBS NAME,se,0,1.4678221158187685,1.251066528533592,0.6543002203233506,1.4789075988157845,1.3135882678301747,1.2904764267193423,0.9171743918268902,0.9827568358795897,0.9404821850430034,1.369641880487275
2513,FBS NAME,dk,0,1.4603783319337598,1.0711880592916139,1.4238464289287194,1.315834484243015,1.191265052499299,1.3132667169524488,0.803064248206613,0.9437863734712275,0.8381896515454861,1.2841122074530862
2514,FBS NAME,ir,0,0.7203558265491194,1.3648313496801212,0.9354588438125311,0.8304638743988133,1.3946890676910932,0.5251183174503915,1.1425860262907428,0.9714150252990879,0.8160980639711237,0.883611438621517
2514,FBS NAME,uk,0,0.7515140114059526,0.7166284421173543,0.6205488936025148,0.6066713570152749,1.4260880837801129,1.1959743818475783,1.2282115096809685,1.3550673511977387,0.6386127788385962,1.415689716092471
2514,FBS NAME,de,0,0.5741735528789151,0.824903925755667,0.7353712905033154,0.798874156517956,1.3350219302838688,0.8295970918276083,0.7744185663242262,0.927233993772574,1.0847162896254587,1.0476401395910329
2514,FBS NAME,fr,0,1.1119882488685309,0.7832700424424759,0.9967532954259675,1.086625293599947,0.7018157069913897,1.212379703229005,0.7882717606714411,1.4328863701147316,0.854252218118972,0.721929615686995
2514,FBS NAME,es,0,1.078734154943946,0.8042783593172331,0.9671549416777871,1.1844201783031605,0.9149403211644469,0.9853640465573621,0.9897939465490699,1.347705822497663,0.8167993973357606,1.4147692183995026
2515,FBS NAME,de,0,0.534561360223605,0.7972842077396329,0.8654483674580893,0.6123803915982766,1.2531577951815758,1.4977028534688046,0.8971043052428633,1.0009198314470618,1.4620342346961073,0.7691269156604466
2516,FBS NAME,dk,0,1.4993305567006245,0.9460738641211661,0.8549809265050803,0.9811855945718895,0.6721423928964605,0.719544104786777,1.465576635247097,0.9248599576675778,1.3061606090402604,1.0359971726217683
2516,FBS NAME,se,0,0.5125434717078432,1.3073426804900756,0.5161712068059734,1.3901094163180605,1.3221334468305168,0.7200790690228687,0.8309055262179761,1.1622763599369001,1.4415948447729814,1.2046546847027328
2516,FBS NAME,es,0,0.6911967348315051,0.5353178445305844,1.3943093852316983,0.8216242490714414,1.1292437425341266,0.565708266370742,1.2404114065277345,0.6483557860540847,1.482324407917872,1.1056523646973213
2517,FBS NAME,se,0,0.5512009176566475,0.8115367711709276,0.8957877343221294,0.7088551669823642,0.9333867127271991,0.8382327617503584,0.5797568764809007,0.5962889615236373,0.8210378135028704,1.0629910056775664
2517,FBS NAME,de,0,0.5536150707456762,1.0546042995471847,1.0367687983286207,0.8401154668589397,1.252089157207405,1.401781134893664,0.7296278609924083,0.8208381599722099,0.9440245745958822,0.8048948559524842
2518,FBS NAME,ir,0,0.7930602378399936,1.3446197347667883,0.5450069423402211,1.3102176323726085,0.9157057621126516,0.6848222661375083,1.0958037216869867,1.380925099514583,1.2824211946247372,0.7425708881669038
2518,FBS NAME,dk,0,0.7025067533884473,1.0903851515270622,1.047268052086229,0.9903381349221836,1.2802212490421576,1.108405009833261,1.1952074680117015,1.2064255023745685,1.1772489139138786,1.1690804599506206
2518,FBS NAME,uk,0,0.7142776478759842,0.7518842061563793,0.8425058280405497,1.4604121307067413,0.6489049812900414,1.2871058111716072,0.5862637588090296,1.3163105080216702,0.5570604542576292,0.9820766025423662
2518,FBS NAME,de,0,0.9525060682309898,0.5393843663245192,0.7596688548728465,1.2082173810944117,1.0248185924409288,1.1729179170569746,0.9297471363627667,0.6766711396585472,1.0238727057096446,1.2652504931938124
2518,FBS NAME,es,0,0.6515150532111655,1.248709959221303,1.166805053044673,0.7456797566194107,1.1289271364629945,0.8534464564267552,1.4198821857702513,0.5001361002480453,0.6950843159665061,1.4585839233408937
2520,FBS NAME,ir,0,1.4361157618438944,1.1023457650804964,0.96796524634321,1.3006476317688085,1.1674894177620543,1.036387554964979,0.975836557511419,0.7265790451814427,1.0543042189523912,1.031208775986469
2520,FBS NAME,de,0,1.356116273065307,1.436725819065593,0.5269348854235638,1.1138504091892363,0.8227274163481784,0.5421861137581148,1.096728056934706,1.218945761216698,0.8422108252212825,1.2658988440060823
2520,FBS NAME,es,0,1.0523457671153227,1.336430623820091,1.4247822426122239,0.902567787824222,1.4843966326171125,1.3801000687557596,1.386658549169322,1.3146579057199352,1.038746444323281,0.8737427027873841
2531,FBS NAME,se,0,1.1430241404368833,1.1558720305764032,1.4574996188251825,0.7274688970115104,1.1301613368413006,0.7002594062020702,1.3266328878381446,0.9824336298528402,1.4434839904252859,0.6231191854678255
2531,FBS NAME,es,0,0.8246192202972811,0.6943009863756282,1.1607376092609027,0.9559740927676876,0.9870684897401094,0.6789295849237276,1.477302273412554,1.0461366605920288,0.5941921965625587,1.2194125857063498
2533,FBS NAME,ir,0,0.6239949164626621,0.9857029746091919,1.149498077889054,0.7135937124202822,1.2580373673215954,0.6206757921105377,1.2189475767786162,1.2647629255365767,1.4024436011928068,0.6328218014705671
2533,FBS NAME,de,0,1.0406880748578056,1.2375073529092948,1.4954675177308328,0.8712505237524133,0.9402167580245258,1.0243949487465118,1.4472875613969307,1.1698961107790247,1.2747044114732116,1.1176449000786857
2532,FBS NAME,uk,0,0.8677678138062306,0.6444848649105392,0.6601071740261091,1.3736319335410823,1.0642383579016177,0.7616336407044224,1.0579832030272571,0.9820752997270572,0.9743085563286942,1.1370989834502592
2535,FBS NAME,dk,0,1.4954059294652993,1.3733297001319955,1.4491129907426374,0.628927355826677,1.0520427667847154,1.1930539744069262,0.9320305970627492,0.9829229881630268,0.6914344002589923,1.4117703008395004
2535,FBS NAME,de,0,0.5100887841497204,1.4419294720843625,0.834358531136979,0.8464212399368505,0.6733271039131983,0.8171422657326524,0.7545891088737506,0.5622508674629789,1.344463776297829,0.8616178684533069
2535,FBS NAME,ir,0,1.301060353256978,1.2591460141549917,1.3130801764258144,0.6143509220409131,0.503085376783887,1.4575836935444673,0.7619095700265166,1.046103029463711,1.2371297424925112,1.2967020257152837
2535,FBS NAME,fr,0,0.921210779147051,1.2183082214388454,1.2283876418378477,1.234488450725574,0.9514778209358803,0.5204939593897093,1.1210274586056241,0.7223737999620479,0.8291743930063578,0.9996587127683139
2534,FBS NAME,se,0,0.7256987180627885,1.0865052715158805,1.1191894045936421,0.9992397387544496,0.6671217435597585,0.5139763758444313,0.7147880940024696,1.469558573028349,1.091246527421719,0.8602419138623307
2534,FBS NAME,fr,0,0.8486217941901679,0.6706066348914812,1.3665526729418742,1.4171637430295063,0.9075723138155951,1.1850489591061655,0.7058266344112714,0.6831397661228575,0.5714136399821379,0.7131490755036454
2534,FBS NAME,de,0,1.4042683558780729,1.2447314780583945,0.9219081652601768,0.843793814372723,1.4256946858854096,1.1083524447243087,1.432754588108916,1.479242511025212,1.2926963411892813,1.118223152127498
2534,FBS NAME,dk,0,1.3621751703800804,1.3800067471973012,0.9727032505845024,1.1621349089744766,1.2401652848232654,0.7528615390207722,0.8512936402966018,1.4296193070156469,0.6631072302495344,1.260900858296557
2534,FBS NAME,es,0,0.5775016513004192,0.6849350921307613,0.8084210690366449,0.7233527119076186,1.4024891335588348,0.8925205144777648,1.1166957759600804,1.178464451827232,0.9924777467531052,0.7041705017598154
2536,FBS NAME,uk,0,1.3500538560520359,1.3724408384907392,0.9894404986672702,1.0358804665676744,0.9767906136876807,0.5204050494808083,1.4838908337256553,0.6698595088138297,1.2409226210854614,1.0765051866244464
2536,FBS NAME,se,0,0.8366152607281883,1.0981568529261845,0.7463303729951039,1.4623051064386123,1.0929104530346152,0.8968817014454158,1.4710878184046092,0.8537389969238884,0.9938335253320589,1.1361699729339372
2536,FBS NAME,fr,0,1.4041703025578491,1.2747101206204587,1.3446493116756253,1.132872788429186,0.6051660034955366,0.6580780225782157,1.0903729972075376,1.0995450197641905,0.5895154591182477,0.8178478324835654
2536,FBS NAME,de,0,1.195822710908556,1.1131206152679114,1.3919973124537803,1.318743188497225,1.4188052261997914,0.7933596902120525,1.4901359515908146,0.7565352878518945,1.295197184793464,0.5645694261067653
2536,FBS NAME,dk,0,1.2915967785300952,1.1103037922243482,1.1240061266075707,1.2617132372645405,1.152955767890116,0.512940335333983,1.4133534793105553,1.1126710727584292,1.12126134802255,0.8938656333022565
2537,FBS NAME,de,0,1.0806695741924002,0.7876814277108755,1.4076415548786607,1.4848524769210298,0.7878512581608876,0.5191548696181743,0.7348621419078083,0.9959487049179321,1.386209920148902,1.0818817656811741
2541,FBS NAME,de,0,1.2907524985610699,1.3069465831155695,0.6267798529070883,0.8201389887859856,1.4180606131089484,0.9795982540600434,1.0449829223884881,0.7440597783865475,0.5328817058253188,1.117967564676922
2541,FBS NAME,uk,0,1.2331704115071422,0.8717645977921298,0.769688204659841,0.9836636045671585,1.372081265602,0.7404536721876005,0.7781209526519235,1.0745993748505276,1.1869208197758663,1.2381666303746812
2541,FBS NAME,fr,0,1.3009532532473425,0.5009550386122794,0.8217427280761667,1.1298230827652638,1.4010330540109905,0.6977460929362054,0.8544127412893074,1.264033397518138,1.3033646738703641,1.1963376684540752
2541,FBS NAME,ir,0,0.9456762140571873,0.9322610716266129,0.7795465417133136,0.7857770175038441,0.994099431099541,1.0851480525920665,0.849626981741247,0.9490550452470032,0.9739557887103067,0.9825563953067653
2541,FBS NAME,se,0,1.379780517841375,1.3773863884520288,1.150365311585976,0.7424836721938282,0.9839286671773113,0.9040128153803235,1.244355396370797,0.8993034064108274,0.6440684778343346,1.2959776563148249
2542,FBS NAME,es,0,1.131144917901763,0.7934584773459703,1.1756446688775035,1.1187854380111728,1.2031092054118777,1.4345287991075009,1.2340587261876057,0.5705951781795768,1.149575956025811,0.7753422195757156
2542,FBS NAME,uk,0,0.9713173623285822,0.5299568444021205,1.4007504701524733,1.080460126347454,1.240447856259105,0.5301722505496367,1.3477436166800267,0.743181527499605,0.8749663497895035,1.181781746079431
2543,FBS NAME,de,0,0.9681692750554975,0.6381612988446634,1.0206142448617688,1.231313838243759,1.034811104925935,0.9457352467683087,0.9057878987280197,1.2130447195087306,0.9483139085049688,0.9854424856807589
2543,FBS NAME,fr,0,1.0235279242127466,0.5912676961692449,1.0617312335333107,0.8584221318907199,1.1076931132079095,0.8134064154788532,1.340446723881998,1.4023468941969979,0.8818024776890527,0.7525441376983697
2543,FBS NAME,se,0,0.9976612769494226,1.2621064171425558,0.7009293507136953,0.8807421406115024,0.5566547347854083,0.7445729157859571,1.1152151438329643,0.8904480636535912,1.3535849023868407,0.8404160655721895
2745,FBS NAME,se,0,1.1607355049431696,1.4764453209797543,0.9037915726720376,0.508268190888217,1.087795728458858,1.1014281574523666,1.2956387717859568,1.1250758107582286,1.1211413092262636,1.0294809008700756
2745,FBS NAME,de,0,0.5216483012875468,0.9201841250030582,1.0053141039241291,0.7528529960980002,1.358609807755786,1.3125619047557426,0.5139644184873573,1.1040668828416915,0.6658838629957511,0.5757845210423
2546,FBS NAME,uk,0,1.2693177451799138,0.8356401335776429,1.2360445472652388,1.0737462618282425,0.6808673146900317,1.3418497346273346,1.4295674656577415,1.3180768392452518,0.8416481520453609,0.5390817579359108
2547,FBS NAME,dk,0,1.3098783642571223,1.366723447615561,1.1555601011048553,0.5917225392918437,0.5195852171931998,0.8835683391828895,1.3334856864192048,1.408750697878309,1.0857327766975138,1.1634537971282468
2549,FBS NAME,uk,0,0.8809018571197986,0.8921459523137008,0.5201770070911282,1.048230520015026,1.3552574308139773,0.5531142182630664,0.5093806782032007,0.5332769190334894,1.0357077735356186,1.3746153555229714
2549,FBS NAME,fr,0,0.9510944065262423,0.9117482630320322,1.1108440786828442,0.9185332796416155,1.1310974763679917,1.0511592960461256,1.0011272043313189,0.6541271405985685,1.188766251986754,1.3643964875650547
2549,FBS NAME,de,0,1.3796376642789248,1.3561521653503965,1.29503678601165,0.7102769787887837,0.97536415228792,0.9907928936909018,0.8813575979825834,0.6507452999122503,0.5405742290107134,0.5901198666072309
2551,FBS NAME,se,0,0.6143584252415359,0.6611594125083335,1.127620647043865,1.3127235592781048,0.8373247566629209,1.18210281840997,1.3271416628182493,0.9310104937600165,0.5801702334709786,0.9270498862090633
2551,FBS NAME,de,0,1.0012187927983296,1.2631225801315875,0.7145915580850255,1.2937544875321414,0.5614471372219303,1.3427076429112785,1.4390104005067288,1.3613609053927171,0.8674177466597897,0.6783544640744672
2551,FBS NAME,dk,0,0.6119199316040402,1.4040641591396696,0.8634069742951731,0.900540454751638,0.5212828189235454,1.3567772894927799,1.4562510451864528,0.5647346074901696,1.243245166776537,1.2795758737579301
2555,FBS NAME,de,0,1.2810316971273732,0.8368347093222965,1.2163126648728266,1.0424640679340533,1.3462805622755358,0.9829650120091902,0.8608212467967886,0.7015279626541144,0.5756607635833486,0.6088909186246436
2555,FBS NAME,dk,0,1.3452049274376026,0.8515244248610474,1.295609985506422,1.3878576090109103,1.4481549087757453,0.5063682870563162,0.9691786221364043,0.9336897240632129,0.7308767046796087,1.0309796128178434
2555,FBS NAME,fr,0,0.5578149194922215,0.8338770700393205,0.7995817768483791,1.1645375135535545,1.4378305779457328,1.2471798534052974,0.870525964318249,0.7216780004718295,1.3322727323589574,0.8666848765847799
2556,FBS NAME,uk,0,0.677198844751723,0.6802045547559803,1.08131248861515,1.1523536583153837,0.8608383459790903,1.2860311504453763,0.6689306191873587,0.9632045722441747,1.1390848151363242,0.9389390523169339
2556,FBS NAME,ir,0,1.1399069354335556,0.569160075033663,0.9880560406416932,0.9785231462538813,1.0975806259271768,1.375001908503947,1.1000578260981564,0.8406605937797695,0.5009275444686327,0.9241075793310798
2557,FBS NAME,dk,0,1.3016655005473927,0.7597446310490743,0.8791850723017582,0.9963329268564893,1.2178654269589595,0.7096692311555326,1.2613878550491155,0.6782591170134065,0.8782499041688532,1.1641145588323647
2557,FBS NAME,de,0,1.2209189470628743,1.3816747605890998,0.8621804740045864,1.461820160612134,0.5375803276266184,1.2379966095507093,0.7867250424261603,1.4063823360543322,1.113497046928552,1.4086623925698791
2558,FBS NAME,ir,0,0.9428761028399586,0.6988720498471146,0.6228396133435024,1.4499569976093951,0.5391610740990189,1.4771775021766225,1.1248071714601282,0.7108339444422902,0.8114098187992533,1.0500968650788116
2559,FBS NAME,se,0,1.3246774750111396,1.1880973502597936,1.279538469721622,1.1175386802056595,1.1965312863888302,1.3313921655332588,1.313748802422468,1.045753068846707,1.1385834182686971,1.130091731207242
2559,FBS NAME,es,0,0.7429636996337028,0.9776611203430936,1.3862893165039114,0.5219487683971793,0.9276947425689801,0.6592353880998498,1.1290472618854788,0.6931284334168804,0.6868065296060162,0.9896581638465958
2559,FBS NAME,fr,0,1.1670209133471379,1.3813650860585278,0.8106027864328815,0.5409992506542107,1.488089170798139,1.3617397742764656,0.7554529165151953,0.6485905330445052,0.6003701085550328,0.9998350442891906
2559,FBS NAME,ir,0,1.2955312346515917,1.3539474526456352,0.9231657373879743,0.5739661027472498,1.0187531683893176,0.8477946292462808,1.3336072008300344,0.6784940519716456,1.0322480726019152,0.5241128969295248
2559,FBS NAME,uk,0,0.6948722300845269,0.5510075365921923,1.1319313905023858,1.4141249742807556,0.8282780795279099,1.417242566527702,0.8895541268355946,0.8039036712823147,1.3312916731135893,1.475518510082097
2560,FBS NAME,dk,0,1.2780612606347885,1.168213556296033,0.9682549368021041,1.0376310746321151,1.1203619691910607,1.132913435555882,1.4969181734496602,0.6868708668743058,0.7800337780806799,0.8506713144654692
2560,FBS NAME,de,0,0.8483383987793964,0.8437663730733094,1.4190596241585027,0.6379281953149263,1.3553372709997749,0.7622646962328943,0.8392120371617025,0.8615978105899029,1.000820343591749,0.8083734001657974
2560,FBS NAME,uk,0,0.8694643454238955,0.5819747469376761,1.1337920316317407,1.4376960129902594,1.3998467568610178,1.3050515466735764,0.6153157007916024,1.3094002141847068,1.080574902737522,1.1169383258017178
2561,FBS NAME,es,0,1.2810792693561417,1.421774350983798,0.7520391254367673,0.6947681431788846,1.379185624558022,1.4541078976146622,1.2868579459566991,0.9665508616018439,0.7919608302141501,0.6486250291896289
2561,FBS NAME,de,0,1.2989335806185294,1.4467569705238659,1.3647819625803512,1.0366822063677223,0.7325931114852042,1.1489688254909165,1.1049082313891176,1.000834314529392,0.9292982178951148,1.3771064343648864
2561,FBS NAME,fr,0,1.4773423035497655,0.7931877755168073,1.0957230523860528,0.8618702363109636,0.7087691953989765,0.9752554970183256,0.7991323863000404,1.0879296495946342,1.4210037225129024,1.1488594838300652
2562,FBS NAME,uk,0,1.1817257270903725,0.7197381485583665,1.4685434555711654,1.338101517989354,1.2978094728942553,1.111628356453931,0.577245862879594,1.4644980997487722,1.0346469199027268,0.8467164221029957
2562,FBS NAME,de,0,0.9429354227480202,1.4744800109507308,1.4388859832127006,1.4082201578062852,1.4754613495534885,1.257775046301127,1.166556665166747,1.1391464214572307,0.6279400782600981,1.008395076485331
2562,FBS NAME,se,0,1.0225531045013787,0.758075865890341,1.043612635223508,0.7722438036195292,0.9447683986650732,1.2947812076223477,1.3688834182792757,0.7946019612479716,1.3267053694700082,0.873085353194653
2562,FBS NAME,es,0,0.5667497651715381,0.7385186495297311,0.9308626960630544,1.4992335646227737,1.4689331546188238,0.5188100352269935,1.491051197709188,0.9365336404405555,0.9459127040213373,0.650059131697549
2562,FBS NAME,dk,0,0.7098292568596729,0.6341666213805808,1.1023771231312498,1.1086282896041066,1.0804811219570258,0.9308891748582804,1.364479917847993,1.479136262861599,1.387889953641097,0.9265026397973146
2563,FBS NAME,es,0,0.8446682497741298,0.7443013245246688,0.9119553639384246,0.5926329196836477,1.043846483332516,0.7443873445138982,1.0166110032758557,1.0784168461173649,0.811408802830176,0.8505433211503552
2563,FBS NAME,uk,0,1.3868660362783767,0.7156655347754848,0.6105954388402621,1.4780566473998447,0.7407290765805261,1.393066780354088,1.0622939276263414,0.6342888219270288,0.615035854687602,0.8631397950895854
2570,FBS NAME,de,0,1.149854767995796,0.7534671697233009,1.2978120048115018,0.8359180507844626,0.7604696580342436,0.7824885095501131,1.4115937816117823,1.3485066258453258,1.4704228378908981,0.8972969376178204
2570,FBS NAME,fr,0,0.567302769461882,0.727503932405009,1.407859177994535,1.069222958722481,0.6505520787818955,1.4192598296336532,0.6786389203719598,0.6842033759608896,0.6866529198974336,1.453090661704096
2571,FBS NAME,dk,0,0.7037891038310724,0.8509181281617437,1.2557293980081379,0.9423187866800604,0.9530111270512918,0.8703502845237634,1.1637912415205898,1.115656067956755,1.405754307128535,0.5772601857375912
2571,FBS NAME,ir,0,1.0936366784739684,1.378672408316894,1.002238031292438,1.4170598437310113,0.6527853371990306,1.0814383444410243,1.2151573918836496,0.9511285203926989,0.5402079588435889,0.759926346939308
2571,FBS NAME,es,0,0.5535670842349352,1.165456163419383,1.4033183161269143,0.5022585754935089,0.610091803372258,0.9781814100295774,1.26342268528874,0.9677203664203564,0.6280192826355597,1.0552489577634865
2571,FBS NAME,de,0,0.854793185460907,1.3909894455591307,1.1172721538487775,1.0263187869832175,0.5450045887533013,1.396830263899471,0.908282581059229,0.991942041080971,1.0450902725021896,0.5845284330557379
2572,FBS NAME,es,0,1.270748896246327,1.4121116667159104,0.7285779818410751,1.4688816271027,1.0099687874344987,0.6263993209549383,1.3632875084128788,0.8700103330836382,0.644028980008011,1.0971398217260524
2573,FBS NAME,es,0,1.3305082808317115,1.0424897403621183,1.1828185248627223,1.1791814015949544,1.0453636090079943,0.7133874971816931,1.202327019985274,0.9545568158913742,1.2626080534760868,1.1994922181878165
2574,FBS NAME,se,0,1.1062402627887018,1.3263572434358515,1.0762840338172166,0.5865313216012764,1.2333106091751893,1.4608335906626913,0.71185725578004,0.8009896943271904,1.281512224641098,0.7476246033194776
2575,FBS NAME,fr,0,1.2165001929270796,0.9309102177371078,1.0806124571823212,0.9622271715922825,0.8858568073200379,0.9710426833576986,0.561061988555684,1.1914574830823517,0.6836274348333118,0.6178073287769523
2575,FBS NAME,ir,0,0.5588913253617618,1.120213694865505,1.1946723610228098,0.9179480401488465,0.8697583104962965,1.2787470757269996,0.8544652179370731,0.5265568025241669,1.2944223392646252,1.4212958990997653
2575,FBS NAME,es,0,1.2490295913398208,1.3257811700389392,1.362151227927407,0.9470768559844152,0.9471205308518289,1.4560517020182764,0.5652524933640288,0.9585285863904422,1.456343480204881,1.2331076276312334
2575,FBS NAME,de,0,0.7145255178131666,1.1708539905858193,0.6851660842975729,0.8689441507035622,1.4214236265802886,1.141116627348469,1.3798917152505616,1.2990049765996394,1.1745486861985739,0.8316921241591348
2576,FBS NAME,se,0,0.9717498424035564,0.5145912391909151,1.4110950912679794,1.2619118883978495,1.2000046488878653,0.6196911850038698,0.9368776987556986,0.5993224867236873,0.8964809271382717,0.6163346031004275
2576,FBS NAME,ir,0,1.0994666673964664,1.4102803979601477,0.5069107346832451,0.7563398672860802,1.1539862040373823,0.951366374953202,0.7870298165903455,1.170822211216392,1.3681235597412151,0.9001107308646079
2576,FBS NAME,dk,0,1.1271576997201318,1.2890826523688568,1.4936375118905434,0.8646373045750262,0.8647013894998961,1.328028419979806,1.0786472682498742,0.7777976993355817,1.4616117650068925,1.2888606156983264
2576,FBS NAME,de,0,1.3805564486880175,1.4557550978836993,1.0475602866729041,0.7093446613709236,0.6283118246976918,1.294701322096605,1.1245409791756593,1.1095915774903535,1.4497005869348618,1.3442061799804652
2577,FBS NAME,se,0,0.5366654556138106,1.0770477367441562,0.5377772540960468,0.7988201186191688,0.8703687316826905,0.7511063008124415,0.6077765249934668,0.604788095248237,1.2986836196848635,1.1187694411530977
2577,FBS NAME,de,0,1.2235302828053558,0.9094620121404116,1.0333723314321537,1.092205480352288,0.7273727828374237,0.6417556451152873,0.5069238095216968,1.3732657404645898,1.277604472523172,1.2780067770295176
2577,FBS NAME,ir,0,1.2260123164771017,1.1183595511764846,1.4047091901523518,0.7710213943907924,1.374131857064458,0.9666918431755833,1.044501082903019,0.9011756902009189,1.3132117083183485,1.3449194947336942
2578,FBS NAME,se,0,1.2048319261773048,1.3118726778587646,0.7061823976425592,1.1108768468196542,1.3699123217246891,0.8679624930411283,1.4136925234485624,1.3376566626356803,0.7664218524647388,0.5117327651317973
2578,FBS NAME,uk,0,1.1366426822786728,1.364587126616561,1.1325141034373687,0.5138691064007033,0.786527862410705,0.9420982878517643,0.930586855069728,0.8138740431998728,1.31227659507153,1.0197489385707048
2579,FBS NAME,fr,0,0.9646485131453271,1.0040411292391076,1.4205666912345938,0.8348083789835654,1.4461050388343732,0.63229507503948,0.7094697833276884,1.4877456317721511,1.4415400290373195,1.4106807582838365
2579,FBS NAME,dk,0,1.2753264747177309,0.6595442330261099,1.2953283960068562,1.3120314090856164,1.1204722647901886,1.1830011605908208,1.1175088501103951,0.6906596422253193,1.096240069006813,0.8356186139998236
2579,FBS NAME,de,0,1.4945287945761212,1.007461806110259,0.691975033996735,0.8096685407407829,1.1591751383905795,1.3044724660144866,1.3069820911217709,1.0547693231222928,1.4570300227150532,0.6490637496235672
2580,FBS NAME,de,0,1.4513389027497037,0.928916182570684,0.7263141459124487,1.3199887898666216,0.695272427969682,1.2975473609912376,1.445023661588743,0.6663215269019296,0.5517293020517553,1.3391789130370433
2580,FBS NAME,es,0,1.3327874014424848,1.4467946223535637,0.9024533332987155,0.6637499018357196,1.1547403230534123,0.950161455801295,1.0559736913799669,1.4421296176853655,0.9544682554607478,0.6425900021420567
2581,FBS NAME,ir,0,1.2946779260689993,0.6988504962490509,0.7660065579960018,1.2681027289300373,0.6937459340014489,1.3840018620080394,1.1323870952197728,1.083865146534454,0.9960224974920471,1.1759910912056626
2581,FBS NAME,uk,0,1.4220203459253447,1.0917349860530399,1.0688216588096224,1.3806866293618105,1.2645194173625582,1.11685523351672,1.1929896991829934,0.8813928725123525,1.203553127520237,1.0562812517580373
2581,FBS NAME,fr,0,1.143642618643997,1.375738357480766,1.2782030719351092,0.5530885656464153,0.6692486861664104,1.3127777533790597,0.636807661628126,0.9334010621037612,1.0370465240217461,0.7955995407621972
2582,FBS NAME,es,0,0.9921780522718735,1.3491148869734728,0.9985530204168032,0.8368494439731429,0.95166043668536,0.8517857192008866,1.077839580488188,0.7547225397264603,0.8701400217126007,1.2431914367294086
2582,FBS NAME,uk,0,0.9047177863652252,1.4184070046230268,1.3655807157371798,0.5677832550430761,1.398372192502072,0.7337519896515794,0.5913949950069455,1.3377947783067414,0.7084051316023134,1.2525974677591147
2582,FBS NAME,fr,0,0.9107411638071621,1.227835664466138,0.7409109989405018,1.299243723690499,0.8388948030603605,0.7463795716321731,0.7984994825550775,0.5674382905623816,1.4172578714652917,1.254154709406053
2582,FBS NAME,dk,0,0.6339589401797443,0.7191757984710168,0.5330542410501282,1.1797240518201633,1.302239706353453,1.3145308139952978,0.656898404444199,1.0195567001042012,1.2648078719538558,0.5364059580499394
2586,FBS NAME,fr,0,0.515814042925872,1.4030978579192526,0.5518010773224389,0.8485999942314657,1.3089947232026704,1.1663047357963523,1.4236368583441439,1.3160986406918556,0.7606709590835032,0.8810082617438513
2586,FBS NAME,se,0,1.4410626682729288,1.362405455508283,0.7210610009360834,1.2783315345025188,1.2259167758786107,0.9232488958207876,1.2230365781999997,1.2676739775429575,0.6038544657798097,0.783440063997807
2586,FBS NAME,de,0,1.3920850410471926,1.4316853593674108,1.1086132009865508,1.076378572152499,0.6668250723570328,0.5220585747692494,1.2283750276082201,1.0208703551997322,1.0752993432829903,0.6083518330377309
2586,FBS NAME,dk,0,1.4159980279014233,0.6880472609219588,1.012664478913527,0.6299206699987232,1.0264565032135722,1.126993845430973,1.3076213488951078,0.5861687028336682,0.6751539651776046,0.5618596324053446
2586,FBS NAME,uk,0,1.306793681133043,0.8696981221308282,0.5660088662029059,0.7114519441400795,1.3731250731531148,0.8743804350737643,0.8939405551854194,1.1904886419905278,0.6259063427016476,0.8887792767490723
2601,FBS NAME,uk,0,0.5467870572000588,0.871206070984706,0.5156808276640432,0.9473190501000281,1.4807235661730878,0.8457216997962866,1.2800909747127183,1.1767556900352831,1.0818039171771987,0.565619964623018
2601,FBS NAME,ir,0,1.2897049552252124,0.8139261653331615,1.2301086339271512,1.1565074038912444,0.8434669101075307,0.9596136260459995,0.9352033497655314,0.9285709222142351,1.2407461104415238,0.6995901926700614
2601,FBS NAME,se,0,0.6158358543742877,0.520568748930301,1.214973531627211,0.9396207047427474,1.4948655633154107,1.3812331481553883,0.6016638303141733,0.6747076321171668,1.244736138775095,0.8182252363364462
2602,FBS NAME,fr,0,1.1759640289742486,1.4194858181869934,1.1128361050694342,0.9869419388301026,1.0815296715986267,0.6417726037259077,0.7191012541357518,1.0941299815983259,0.5309134311505903,1.4894763691100612
2602,FBS NAME,se,0,0.8838103529537578,1.3610076026043807,0.7427102923566591,1.1185139995616447,1.3980558242510697,1.160312154668817,0.9373845025338823,1.3286979286198646,1.2538562495910386,1.190781575102297
2605,FBS NAME,es,0,1.2281731116854873,0.6765872424190682,0.8324703882714457,1.300915087167458,1.487058448015106,1.462426636263606,1.108768411487185,1.2205645841594757,0.8511810872183041,0.6445986947909434
2605,FBS NAME,uk,0,0.6669986649125808,1.2834620211887628,1.3906624346611678,0.8988427270816954,1.0354888490646175,0.5984216883027556,1.1802668860224625,1.0086775073709358,1.3640428712473625,0.8866620352296071
2605,FBS NAME,ir,0,0.722425881418711,0.7401909117791425,0.6416831173857764,0.9011936781695544,1.2976829478378331,1.4517596183113861,0.9186023868313593,0.9516336820398519,0.5104320170874319,0.7935574325151935
2605,FBS NAME,dk,0,1.3119857936750463,0.8854263901372901,1.191705716961155,0.5595561100773645,1.074696204253348,1.122085096025201,1.235503636341059,1.4347151276895382,0.9934232445964362,1.438381121087272
2611,FBS NAME,fr,0,1.3854102402751443,0.9461455795191231,0.5558741832231493,1.4751520780136131,0.6640889485999271,1.3866963616397572,1.4114607729319022,1.1668937956319392,1.4033281377857176,0.8328688260222419
2612,FBS NAME,de,0,1.2390810322291677,0.7177915423014107,0.6838122187097155,0.8148705104034095,1.1356415586421045,0.703641387640485,1.1284921422996426,1.0380251544870984,0.7622085113413564,0.8101200489190796
2612,FBS NAME,dk,0,0.5429616005777822,1.1882744979401147,0.9354007217780966,0.9029117276443557,1.1751277020784812,1.3424668444124541,1.4653262553645297,1.1595379749253163,0.6138253523593225,0.5012412917091069
2613,FBS NAME,se,0,0.9942161310283208,1.3064976561058026,1.2615144783641699,1.1158594569074922,0.9048511055263349,0.543855421810375,0.7197322048562103,1.3307387716214918,0.7021325674533514,0.9405240527483076
2614,FBS NAME,de,0,0.6307567814396715,1.2438732310278686,0.6490567593134939,1.4808892474342077,0.5375335014700704,1.0666331516383913,1.2850321905617053,0.9231810819705171,1.389045033244429,0.873264290515327
2614,FBS NAME,ir,0,1.337824513404029,0.6359425388381006,1.1271313821150633,0.9438463392892165,1.130311779809199,0.9806571806834945,1.1438744657295705,0.9270724889581532,0.8008583209102815,1.0355707003230563
2614,FBS NAME,uk,0,0.5731367872346158,0.8224774343826959,1.2932532481617267,0.570245925520193,1.2425743811476317,1.0804270782763328,0.9725301649744826,0.7875710306677042,1.3330273498588845,0.7373104841083886
2614,FBS NAME,fr,0,1.1754687155677657,0.5326327795359216,1.2018627035942002,0.5260069060021215,1.1478794891701365,0.9897187790728128,0.6516376726004738,0.9546405300151535,0.5743244000262733,1.0870528152092513
2614,FBS NAME,es,0,0.5758223040733041,1.1430283941986097,0.6580733803633727,0.8296149785367013,1.4725396060071005,1.1599836370098213,1.2347169665131026,1.1324554433841134,0.8226403367706387,0.9991970717584289
2615,FBS NAME,de,0,0.7364295804097698,0.872604740868842,1.4975157513847588,0.6724248584840653,0.6649167506523836,0.8458090268923208,1.2514462112157316,1.1837533972321659,0.9561015495993723,1.1409890055052994
2616,FBS NAME,se,0,1.1992301213688157,0.8199054333131035,0.9228839346460673,1.4518047338609303,1.3645665956411632,0.8496169408266263,0.644023135323915,0.6793132204212189,1.0947535715386771,0.9923937077026386
2616,FBS NAME,dk,0,1.2659688155886057,0.706121749650634,1.0492988211559418,1.2180479837318212,1.2828301131534554,0.5979128361916313,1.3977985627154081,1.3268201572008325,0.9094715559320399,0.6412564065838102
2616,FBS NAME,fr,0,1.131987682171869,0.7133878112077194,0.7620228326318472,1.2073208990654614,1.3166699591386453,0.6542212085197112,0.739639972895378,1.4528937236516117,0.7759859003394369,0.9461185668539964
2616,FBS NAME,uk,0,1.4790463215632408,0.9615250819785046,0.732876028446777,0.7452906907714878,0.5149959356064722,0.5860998831178832,1.0726534758087192,1.316345969417864,1.3130214895489551,1.3619801832621363
2617,FBS NAME,de,0,1.335209709288146,0.7530916080294081,1.195199268349938,1.0475288019964109,0.5160894663060989,1.3231132451971925,0.5287369275226439,1.257957469623163,0.5929209974620213,1.0113373208573773
2617,FBS NAME,es,0,0.5784833098041422,0.5172411824186214,0.8856967029925942,1.3754190834291333,0.7966963990228995,1.1301372101293439,1.3223040365375491,0.5415609448421981,1.160568051614351,1.2877609031632118
2617,FBS NAME,ir,0,0.7619888948425604,0.9588687418784625,1.4511575424526988,0.6027178300074669,1.441431652851677,0.5248536975535052,0.6616568408195034,1.1154303190748505,0.5751411504218833,0.9016266951255334
2617,FBS NAME,dk,0,1.429706526884667,0.7722228529748858,1.4177238053507457,0.5048331834323094,1.418371200927767,1.231641568902822,0.8863454101103567,0.5079022476836152,0.9028782880656199,0.7315329752807822
2617,FBS NAME,se,0,0.7293773176477334,0.5531566200778186,1.2737370660478193,0.6856973040879932,0.5108883284621955,1.4629734585854737,0.8217330752261005,0.545056067088679,1.215654961242472,0.6654300200246144
2618,FBS NAME,se,0,1.1592738878295288,1.2584233585366364,1.2576268516091103,0.6556145120658119,1.2265122383128693,1.372959763424513,1.1456368881312697,0.8320437889539136,0.912980508964728,1.3853518805111702
2618,FBS NAME,es,0,1.092067851013745,0.8814991808585337,0.6070505293900992,0.5501199318583934,0.6891370005182766,1.1349141142386954,1.2796631257419513,1.1616743562971457,0.6402885080655734,0.7937686153429822
2618,FBS NAME,fr,0,0.8273563660041892,0.5903697087701367,1.4544602263349267,1.3408090119679241,0.8145750901223974,1.348258487538511,1.3694096017596682,1.2461057569419005,0.7700652054984931,0.751882639875783
2619,FBS NAME,es,0,1.4251841201935371,0.7117219690999546,1.1084108656123781,0.9291976393070265,1.01839762305277,0.9539966123761217,0.8120661673297247,1.1895441465883654,1.2150380948635684,1.4898494458458174
2620,FBS NAME,se,0,1.2015109034190032,1.307333052328803,0.5597656306193011,0.6171380114338707,0.9633744229498744,1.4682462945306574,1.4742432200165012,1.4179290404056202,0.807466788747266,0.8444339020202472
2620,FBS NAME,es,0,0.8636079186391508,1.429694881302113,0.6289548362081363,0.513338899431111,1.193806597941806,1.0425631068980123,0.805582697158699,0.6065567580970945,0.95759786681617,0.6455235831150521
2620,FBS NAME,uk,0,1.4348587688125858,0.9865086928919005,0.7471544354284043,1.01240298193193,0.7739102814665644,0.5284461688614888,1.1395505531389822,1.3913582864951661,0.519806892894225,0.9296278417431945
2620,FBS NAME,de,0,0.641729152132821,0.6292289982689674,1.2042199005858942,1.4758668451118375,1.1495274211390736,1.481122689670781,1.1542028161135098,1.3657651552674233,1.203589893305137,0.7682323665765849
2620,FBS NAME,fr,0,1.1868312802994523,0.5730291576122717,0.8710284100921812,1.0889751736804931,0.6831812741442569,1.2181245162878047,0.7238014491607894,1.0827350745428828,0.9532957399863093,1.3100861383501203
2625,FBS NAME,se,0,0.909049251985953,1.0134589842725887,1.4624511141559542,1.3651510069240484,0.5795668658244086,0.8055829438930906,1.1508494601492718,1.2483555484521967,0.6422425794301425,1.1865525488967512
2625,FBS NAME,ir,0,0.5578852321382248,1.2113229143604638,0.597555711956191,1.3038574918935442,0.7177716356517927,0.8274789646451337,1.1244882325191785,0.5147050394590387,0.5148716717143269,1.1615262820066472
2625,FBS NAME,uk,0,0.968688352697034,0.8857508582928151,1.4664139609622673,0.7204703902071048,1.1886427995575266,1.4773139292576718,0.8478338808933701,0.8441557861521909,1.3705743401310921,1.293010867095088
2630,FBS NAME,uk,0,0.8228873347243524,1.472964451062595,0.586573927469408,1.422185899299735,1.2300805155448902,0.6797918644516807,0.9713592437527567,1.2814137482323058,1.4911269308547765,1.327195870900628
2630,FBS NAME,ir,0,0.6486988106777452,1.0996625927823365,1.339329410948792,0.510212457623034,0.5901038364143283,1.4064048517146555,1.376329913408838,1.4150131802948924,1.3185297082569125,0.9984087069220711
2630,FBS NAME,es,0,0.7288887000263102,1.4139380068376144,0.8103334438597951,0.8033555649111781,1.0488162704960937,0.6060061282275604,1.4716715141607029,1.2057428766122498,0.7656586207866969,1.0026045367183947
2630,FBS NAME,fr,0,0.6580854564975833,0.9019270903483854,0.9625451485416261,0.6894518035577955,0.8640962965509631,0.926837921171606,1.1744814649480528,1.1935046242551053,0.887262641454069,0.8723394339829886
2630,FBS NAME,de,0,0.6474310279810707,1.4522777242380958,1.306177150501242,1.3359846974104816,1.3832479689703097,0.7429381656378808,0.6974149861564181,0.9635434719133784,0.842126497865543,1.224833201940622
2633,FBS NAME,uk,0,1.2930001193186091,1.3825950117264025,1.2874481544815233,0.7131625558073071,1.3283293447656925,0.7619914568733201,0.9097754955218664,0.6236164813518967,0.7219875229462265,1.1357175734866038
2633,FBS NAME,es,0,1.249258774167961,1.009891465293996,1.3434662719558483,1.2776499476483656,0.9404198379600393,0.6828264712360628,1.4329304325624834,0.7840115468382822,1.0694319268921306,1.2941685999912789
2633,FBS NAME,fr,0,0.6704905560136598,1.3677968079218257,1.0593003605838376,0.9844234199456738,0.5355423661900915,0.7955670648663282,0.6767249626845746,1.4021157624204994,0.7608491820495904,0.7858565957789931
2633,FBS NAME,ir,0,0.7898425170460375,0.6888302803451198,1.065886964428458,0.6904056743749503,0.946413734076269,1.2099056203337002,1.452726507592089,0.5309111185785302,0.7823553962009808,1.136019459670421
2635,FBS NAME,dk,0,0.9638604652821028,1.4439140734204194,0.6997695808523734,0.5669613870054759,1.0219971722143733,1.2070093306158525,1.1925696536358568,0.7523283715953413,1.1733613450591738,0.5840557783324452
2635,FBS NAME,se,0,1.0300482801770254,0.6272785303309107,1.1389671586064518,0.5658759567222083,0.549235075633248,1.0011778604433292,0.7814448796472782,1.3707176552394078,0.5293286523842777,0.9920810035476317
2635,FBS NAME,es,0,0.6986422876963576,1.3531150320898562,1.490154276495019,0.5463265389032792,0.9938686530960594,1.3703730904432863,0.8775014579829847,1.4200019044625047,0.5879487533336183,0.7475988578010839
2635,FBS NAME,uk,0,1.2218825301028131,1.0505758576857807,0.5100838200505775,1.0727042094707246,1.2568291806230918,1.097185945025932,1.319268409579512,1.1019024640788595,1.4895082372196964,0.9553527924365244
2640,FBS NAME,fr,0,0.6933711433137599,0.9061545296196525,0.5703136047691444,0.9283982628586784,0.9539272839305921,0.6999298532928195,1.0756295715806943,0.8890467602362717,0.9765957048051721,0.7962566997408294
2640,FBS NAME,ir,0,1.2699705310106326,0.5345787434231615,1.4902549014801734,1.4894496240150936,1.3223508383532556,1.3940498582840344,1.0497513687468845,0.5113212367163287,0.7607213020811874,0.7617355600712687
2640,FBS NAME,es,0,0.704051042679646,0.8990837415181818,0.8364161271776802,0.6377892584772837,0.789619594575576,0.7021605198430356,0.7337986539320034,1.0638488048035768,0.7058532979295322,1.1726021807504763
2640,FBS NAME,dk,0,1.1102033715461297,0.8879160795037546,1.038322384802536,0.5189655937057405,1.134369395418374,1.488937778208653,0.8664121639450388,1.1141751100602921,0.7208670342760812,1.2502394196340814
2641,FBS NAME,uk,0,0.8322472188362302,0.5969393913707683,0.9331360027372633,1.3541138975779958,1.4733355405804471,0.6940401877059095,1.2979471705734438,1.2938624875682088,1.4779349552211731,1.4411059327233786
2641,FBS NAME,ir,0,0.6812232904212814,1.2006991421396573,1.2545412015978208,1.1151716630906965,1.2907260163907797,1.1659303891586084,0.5471857097054464,1.448834220196053,0.9885912555741796,1.3867353708261345
2641,FBS NAME,de,0,0.849199507123866,0.686133812069097,0.5999206823017365,0.7618510076911207,1.0190930210513245,1.3475608970371604,1.001649363182409,0.5562812495000546,1.115205654631127,1.2003342063967422
2641,FBS NAME,dk,0,1.1650947949177943,1.4635081214997159,1.1299537409492713,0.6157425988016556,1.0759614927656234,1.3877628359902257,0.6173338211373538,1.0724826379514274,1.1554221116499988,1.0648194131783646
2641,FBS NAME,se,0,1.424557430666817,0.5472379252900923,0.9672028530092698,0.891726270211181,1.088427128942555,0.6242574365536038,1.4016564412719157,1.1276709259015476,1.328456470001387,0.7815085931988186
2642,FBS NAME,ir,0,0.8167013884928083,1.1800226825696292,1.3642193238404523,0.7274400336049645,0.999892086472203,0.5266986666606805,1.4653510516733892,0.6972188668006614,0.6366448289019639,0.9952259577128248
2642,FBS NAME,es,0,0.5047224001197439,0.7408351014987395,1.1592884754447632,1.4845769896292742,0.6193721640249463,1.3586324720185377,1.143387005644589,1.0480947434944365,0.6822359591569511,1.336258346676434
2645,FBS NAME,dk,0,0.9073065002289955,1.2418481128873322,0.7697677093745694,0.6711799889830194,1.2643102023083566,1.3458600272162653,0.8580977025264509,0.9752056573075873,1.087074006094916,1.3990345046809078
2645,FBS NAME,es,0,0.889218697234734,0.7521857940801864,1.185003942083449,1.2962819505664889,1.3214839355964492,0.9542996202818657,1.0937646916147146,1.2585300423151933,0.8682533523133815,0.6437196399208247
2645,FBS NAME,uk,0,0.9541000196201008,0.8430736098210687,1.0705672139245803,1.3638002988327258,0.938609868044626,0.867478722462657,1.17056471386172,1.3420396010454165,1.1470972120548513,0.9440225379304279
2645,FBS NAME,se,0,0.837476791071514,0.8011702796629416,0.5682494687014128,0.9032190122393366,0.6145406267953855,1.4996337320409807,1.3004666782769965,0.5109120839181749,1.247547798556168,0.5637825344460567
2655,FBS NAME,uk,0,0.5140996782994973,1.0779394508496898,0.79467759793701,1.1657401858568905,1.2581958934231332,1.2658693401115637,0.9240770836357866,0.5742138300550623,1.0672431605268595,1.0279044171036869
2655,FBS NAME,se,0,1.4858338731827954,0.65061537826411,0.7015541686128148,0.846096313352017,1.3868987001682724,0.7130009592900235,0.9111416026936021,1.0514271049429753,0.6984724805909464,0.7804826461518672
2655,FBS NAME,es,0,0.7832769441998741,1.0933924432064617,0.7875551688214268,1.3070912439875504,1.3408353702398024,0.73470594258248,1.1201184343466197,0.9951082302334009,0.7523544583914386,0.8161211529666952
2655,FBS NAME,ir,0,0.7000270054048623,0.8174952504319257,1.1975606460487331,0.6743787300955517,0.7200572073391269,1.0663244147055455,1.0475839546437162,0.6071649825825105,0.9988871705536879,1.102633952451003
2655,FBS NAME,fr,0,1.0581716797696723,1.35965034770266,1.4641087819939091,0.7116824523202019,0.9071849178328812,0.8133310145855035,0.9050575940545249,1.2643877212710675,0.7190368902186912,1.2684318120803615
2656,FBS NAME,dk,0,0.9321356499661988,0.9112444833454545,0.6948459399978839,1.0425735499011926,1.2290872343044044,1.1367934435976574,0.9369578913281713,1.4868000970565578,1.302878662382992,1.2753570039827304
2656,FBS NAME,ir,0,1.4805340696784517,1.3568199752501133,0.8477271168239806,1.3657548874588537,0.8112293235213011,0.7203027803537865,1.1978931154014747,1.2640561206894105,1.011816614406373,1.3043705883689825
2657,FBS NAME,dk,0,0.8816032630233357,1.3720512927492163,1.2669622503344262,1.1273766672491932,1.2652747217313982,0.5546253242229664,0.77247757270305,0.6690032945354218,1.4635958188098048,1.3599293240290622
2657,FBS NAME,uk,0,0.7469323974737592,0.7078118129319648,0.575277697878297,0.9320612293336281,1.4119357562928447,0.7746596046478937,0.7408730474071776,0.628898662992369,0.9760377875278008,1.431454147826966
2657,FBS NAME,se,0,1.0747149011851054,0.9992973816161588,0.6328277359461505,0.5404293944751672,0.9028054844952571,0.870037460694497,0.8916104277087449,1.0955749314995769,1.3517328678796725,0.9159770198201209
2657,FBS NAME,fr,0,0.9724174479603367,0.5509069112687586,1.2147223665385014,1.1133642378064943,0.6199423322866868,1.4562098344241652,1.4653780597106,0.7248235020800238,0.985864245705574,1.0655658045567997
2657,FBS NAME,ir,0,1.4576585411561533,1.4987899783617875,1.4022035507648927,1.4004273413522095,1.4181308650844922,0.8736224557165317,0.7239756053187005,0.8687942291629775,1.2595312173064859,0.8717145636638755
2658,FBS NAME,ir,0,0.6586827886188551,0.8412205134186583,0.637668056870754,1.1764505921454105,1.0806337719291583,0.7490168838707618,1.040577784866201,0.5694516469285686,0.6530706568359337,0.5602443486059288
2658,FBS NAME,es,0,0.7164096977307612,1.2173451854205222,0.6819256163864948,1.0447875346403417,0.7026500208395596,0.630826425699343,0.5179809749303463,0.5393855426603429,1.488447183520448,1.2846267520267525
2658,FBS NAME,uk,0,0.8810066377594687,0.8202629055158579,1.1576255076491027,0.8218007887616026,1.094958351206299,1.2145288571582593,1.390939806909691,0.8440065434824946,1.0885056455961273,0.8841912359396416
2658,FBS NAME,dk,0,1.0032423083431716,0.903581443183241,0.5731339404555187,0.7074684207134863,0.669757372149282,1.101376715862462,1.311614810145887,0.8093528864115236,1.30936280627448,0.7244350581740229
2659,FBS NAME,uk,0,0.7796251409800847,1.3155133343031207,0.7667034655280389,0.8446947097517437,1.046689580908742,1.0440650398550257,1.3673411452874713,1.433988061886715,0.8634394910650416,0.8965112974730338
2659,FBS NAME,ir,0,0.7430362732777747,1.1372274125880857,1.270019333826496,0.7829343296197648,1.176307335648076,0.7350747405465734,0.838842365748341,1.4503691912847523,1.3080974124205842,1.2964010194208195
2659,FBS NAME,se,0,1.437417139657585,1.072854365565898,1.4147201289727256,0.6955799211795484,1.4771344820611596,0.9249566369643085,1.289047285484705,0.9328418727820831,0.6990668279029357,1.051952936432521
2659,FBS NAME,de,0,0.7139957591188049,1.096852199785127,1.139629728040194,1.4292599962035295,1.328831744590016,1.2110182716441877,0.8415975819113688,0.9965708993414557,1.3972131972011743,1.0420178251541037
2659,FBS NAME,es,0,0.5136430890531742,0.9014431422823945,0.8289529315890709,0.6390967450160572,1.0246365004626516,1.3160974333274842,0.89930631994055,1.3351150020488463,0.9682018478317991,0.8100680026523683
2680,FBS NAME,es,0,1.2428838641229807,0.9773570948624786,1.4150232291561076,0.9266338335536555,0.6902280709394071,0.9915985019695064,1.3854671343114038,1.1030296110929396,0.5529692719038051,0.9311381549052333
2680,FBS NAME,dk,0,1.3122369853054443,0.60283407377363,0.7560841535219527,0.913264059502465,1.3052942633562503,1.2381086475662382,1.3262176072779963,0.8668995139220825,1.3736009978670767,1.27303114890753
2680,FBS NAME,ir,0,0.7099762184079976,0.9117713688428919,0.9016795430735507,1.240573489186544,1.003385348070766,0.9353291179181862,1.081094799298975,1.0461755322199855,1.410287137187114,1.0016606909746286
2680,FBS NAME,se,0,1.3762634439458428,1.324164235386473,1.445133896244347,1.3737735732714258,1.2713768385059487,0.6616398336888882,1.2053126509251868,1.4539561764546736,0.7610965978496722,0.7958296525073669
2680,FBS NAME,de,0,0.5409528031443738,1.1773110537997038,0.6966434220244744,1.183868311408851,1.4808582544193245,1.2085190868998787,1.079769832118328,0.8387212118763345,1.4666766178085757,1.0577827910983189
2899,FBS NAME,se,0,0.9367971524534999,0.947730013877317,1.2007225370855175,1.4310846550635214,1.4430347972638244,1.217024851951737,1.1402830952101668,1.3662838682715415,1.489757360566404,1.4235722780200701
2731,FBS NAME,se,0,0.8001462658174645,0.952638843724648,0.7316471359143049,1.4941545381113073,0.7008545355174811,1.1566287753874938,0.7019190382040668,0.7007762979746635,1.0459880284383547,1.4478172408557173
2732,FBS NAME,ir,0,1.202382062879299,0.9112774320568902,0.5815835960182838,1.0244978647361969,0.6153233717819262,1.4155467085686404,1.4183029071155888,1.4753593172745785,0.7513206391345619,1.0526700264822313
2732,FBS NAME,de,0,1.2297095618616578,1.0753836207909033,1.3169022764250022,1.0800561709665435,0.9186752058747099,0.6213835330022555,0.8234722795671117,0.9415844962175088,0.5376407105477028,0.8638208087251953
2732,FBS NAME,dk,0,0.918956309442565,1.2921972259329157,1.3520924428871517,0.769660274453897,0.6056125779358354,1.4858850996893258,0.6462428281588632,1.0548195052435212,0.939879758231065,1.4919201151885082
2733,FBS NAME,fr,0,1.0292387055414531,0.6969642979060489,1.4577396215141114,1.2551622418980024,1.2137387407923619,1.0755132309589832,0.5335248920423812,0.7704524840188596,1.2384945082678112,1.2174601925555844
2733,FBS NAME,uk,0,1.0095042627223951,0.5469711095864882,1.3569776215776341,0.5874868338019954,0.8248661300992848,0.5965331038344366,1.2803641019161014,0.7582693833065481,0.5932812182913156,0.797244808779582
2733,FBS NAME,se,0,0.9404961072087641,1.2918660596110638,1.304155882299855,1.0964052229038808,1.3615544484888769,1.0261408996627746,1.3001112448614869,0.7500482846047853,0.7675434093303211,1.0253713736313774
2734,FBS NAME,fr,0,0.8513899575770303,0.7438386538530475,0.550228049634895,1.1823526155662551,1.4523829602296157,0.7636501929360773,1.2833157145486362,1.3389531808135453,1.0515908689553901,1.0994358968530502
2734,FBS NAME,es,0,0.6833111320972791,0.9038065452011605,0.6979865409043517,0.7435898090101278,1.072241141713188,1.1013790619730321,0.8444726856592273,0.8227582664632043,0.6393034649781022,0.60829525193578
2734,FBS NAME,de,0,0.8557527526333522,0.6015466867638031,0.8887859738519044,0.9324519731101046,1.3749677924492067,1.1654282934343112,1.193189116574195,0.6673180097568716,0.9024111016872907,1.3057313578128487
2735,FBS NAME,fr,0,0.8995032082412133,0.8398294444175851,1.4722603300411785,0.7539470117117055,0.8479800079690947,1.3450931014078087,1.4848231660729152,0.8726960994177628,1.1458073883107975,1.3985556495561293
2735,FBS NAME,ir,0,1.171088207790166,0.6709329364997949,1.4624409034966843,0.9930281208794265,1.3527988577349335,1.2162277788101488,0.5467718126942094,1.1825761879418237,1.1549445404349141,0.9025842464050438
2735,FBS NAME,se,0,1.3821737922043327,0.6802141261198826,0.9063939065902769,1.4831510146487306,0.8858022621807373,1.425025517881432,0.9102326515291137,0.9866514175047609,0.5199087935190703,1.4039641166593537
2735,FBS NAME,es,0,0.5053516492121719,0.7689561410492489,0.7412106358591375,0.8126973106580475,1.1441715701281507,1.3423992559610542,0.6796663248418537,1.2740029378266344,0.5760140384923098,0.7418544184091114
2735,FBS NAME,uk,0,0.7436970551451996,0.7816473597537101,1.4494134809139934,1.285359674183843,1.2472044850169497,0.8116762906131538,1.3965356447768826,1.1133840341639225,1.114099132683392,0.8321268955285261
2736,FBS NAME,se,0,1.4189423485885808,1.4725041719209262,0.5555248400181594,1.1159444355546029,0.7582553408667865,1.1124583796953418,1.138194381128049,1.4029419238459737,1.0432330143357034,1.2891276656629411
2737,FBS NAME,de,0,1.1898271970234726,0.9348906380037496,1.2286407227004543,0.8442314331244576,0.5403838049412097,0.920931366059645,0.9804012903170705,1.163627114544878,1.0277254972635197,0.9421105831066556
2737,FBS NAME,fr,0,1.2706196547660755,1.1685555127029579,0.5052924674160948,1.186424734895708,0.7462412798389313,1.331342490569511,1.2642649600709044,1.419722436008475,0.783916279896596,0.8704467998060836
2737,FBS NAME,dk,0,1.1023461279845963,1.3686643962399394,1.251414837343036,1.2366418403852557,1.440015858237367,0.959836032953888,0.9287349861901903,0.7903148377376119,0.5402810787132797,1.068620064086611
2737,FBS NAME,se,0,0.683366740674695,1.1365438837472033,1.4939628180319147,1.4257132636766396,1.4360414730321267,1.4278513113318554,0.6145638373924327,1.0984263913153949,0.8006390075035583,1.2448382877792552
2740,FBS NAME,dk,0,1.398679027487961,0.5560017036993956,1.3680910125307744,1.1713828424449289,1.132902365122063,1.192063536933879,1.2046142403548867,0.802951608210976,1.346626535675323,1.3118641799749666
2740,FBS NAME,fr,0,0.5095476010381883,1.3294588448205678,1.0458502013250488,1.0943499541840738,0.6359815827240618,1.4744769649695262,1.3287270141881542,0.7939039945731194,1.4970213622559323,1.3344811655721638
2743,FBS NAME,uk,0,1.301570046547345,0.7732990222973497,1.1932751209231145,0.6769900143915142,0.5954995771310994,0.6651978639273188,1.3128526071955369,1.2993275183211248,1.2701072513920084,1.2234092581572347
2848,FBS NAME,fr,0,0.7642063199161735,0.6405156671152663,0.9044519699269378,1.1100503021709482,0.7650428677439949,0.6226514282532396,1.1484436964374634,1.0754660564554166,0.5670191219431429,1.3627758466886177
2848,FBS NAME,es,0,1.1215497641447782,1.3653728506946043,1.208144541764604,0.8723105450888862,0.6512702464799178,1.2792991094575148,0.7236785704645852,0.9664439603993364,1.1322328969545512,1.3940414425111516
2744,FBS NAME,de,0,0.6712923714737558,1.422141375829989,1.2616910958731165,1.1912692329357772,1.1818244292026607,0.881423294485937,1.3209461108801785,0.9439047287134392,1.0376212793269572,1.4228429888557759
